prix médian(€),Postal code,Refnis code,Gemeentenaam,Nom commune
360000.0,9880,44084,Aalter,Aalter
360000.0,9881,44084,Aalter,Aalter
360000.0,9910,44084,Aalter,Aalter
295000.0,3200,24001,Aarschot,Aarschot
295000.0,3201,24001,Aarschot,Aarschot
295000.0,3202,24001,Aarschot,Aarschot
455000.0,2630,11001,Aartselaar,Aartselaar
309000.0,1790,23105,Affligem,Affligem
210000.0,6250,52074,Aiseau-Presles,Aiseau-Presles
287500.0,3570,73001,Alken,Alken
275000.0,9300,41002,Aalst,Alost
275000.0,9308,41002,Aalst,Alost
275000.0,9310,41002,Aalst,Alost
275000.0,9320,41002,Aalst,Alost
213750.0,8690,38002,Alveringem,Alveringem
213750.0,8691,38002,Alveringem,Alveringem
219000.0,4540,61003,Amay,Amay
209000.0,5300,92003,Andenne,Andenne
327000.0,1070,21001,Anderlecht,Anderlecht
185000.0,6150,56001,Anderlues,Anderlues
215000.0,5537,91005,Anhee,Anhee
200000.0,4430,62003,Ans,Ans
200000.0,4431,62003,Ans,Ans
200000.0,4432,62003,Ans,Ans
169000.0,7640,57003,Antoing,Antoing
169000.0,7641,57003,Antoing,Antoing
169000.0,7642,57003,Antoing,Antoing
169000.0,7643,57003,Antoing,Antoing
335000.0,2000,11002,Antwerpen,Anvers
335000.0,2018,11002,Antwerpen,Anvers
335000.0,2020,11002,Antwerpen,Anvers
335000.0,2030,11002,Antwerpen,Anvers
335000.0,2040,11002,Antwerpen,Anvers
335000.0,2050,11002,Antwerpen,Anvers
335000.0,2060,11002,Antwerpen,Anvers
335000.0,2100,11002,Antwerpen,Anvers
335000.0,2140,11002,Antwerpen,Anvers
335000.0,2170,11002,Antwerpen,Anvers
335000.0,2180,11002,Antwerpen,Anvers
335000.0,2600,11002,Antwerpen,Anvers
335000.0,2610,11002,Antwerpen,Anvers
335000.0,2660,11002,Antwerpen,Anvers
342500.0,8570,34002,Anzegem,Anzegem
342500.0,8572,34002,Anzegem,Anzegem
342500.0,8573,34002,Anzegem,Anzegem
289000.0,8850,37020,Ardooie,Ardooie
289000.0,8851,37020,Ardooie,Ardooie
292500.0,2370,13001,Arendonk,Arendonk
340000.0,6700,81001,Aarlen,Arlon
340000.0,6704,81001,Aarlen,Arlon
340000.0,6706,81001,Aarlen,Arlon
225000.0,3665,71002,As,As
225000.0,3668,71002,As,As
410000.0,1730,23002,Asse,Asse
410000.0,1731,23002,Asse,Asse
305000.0,9960,43002,Assenede,Assenede
305000.0,9961,43002,Assenede,Assenede
305000.0,9968,43002,Assenede,Assenede
200000.0,5330,92006,Assesse,Assesse
200000.0,5332,92006,Assesse,Assesse
200000.0,5333,92006,Assesse,Assesse
200000.0,5334,92006,Assesse,Assesse
200000.0,5336,92006,Assesse,Assesse
242500.0,7800,51004,Aat,Ath
242500.0,7801,51004,Aat,Ath
242500.0,7802,51004,Aat,Ath
242500.0,7803,51004,Aat,Ath
242500.0,7804,51004,Aat,Ath
242500.0,7810,51004,Aat,Ath
242500.0,7811,51004,Aat,Ath
242500.0,7812,51004,Aat,Ath
242500.0,7822,51004,Aat,Ath
242500.0,7823,51004,Aat,Ath
300000.0,6790,81004,Aubange,Aubange
300000.0,6791,81004,Aubange,Aubange
300000.0,6792,81004,Aubange,Aubange
277500.0,9700,45035,Oudenaarde,Audenarde
514000.0,1160,21002,Oudergem,Auderghem
265000.0,8580,34003,Avelgem,Avelgem
265000.0,8581,34003,Avelgem,Avelgem
265000.0,8582,34003,Avelgem,Avelgem
265000.0,8583,34003,Avelgem,Avelgem
220000.0,4340,62006,Awans,Awans
220000.0,4342,62006,Awans,Awans
210000.0,4920,62009,Aywaille,Aywaille
279500.0,2387,13002,Baarle-Hertog,Baerle-Duc
297500.0,2490,13003,Balen,Balen
297500.0,2491,13003,Balen,Balen
205000.0,4690,62011,Bitsingen,Bassenge
300000.0,6600,82003,Bastenaken,Bastogne
152500.0,6500,56005,Beaumont,Beaumont
152500.0,6511,56005,Beaumont,Beaumont
180500.0,5570,91013,Beauraing,Beauraing
180500.0,5571,91013,Beauraing,Beauraing
180500.0,5572,91013,Beauraing,Beauraing
180500.0,5573,91013,Beauraing,Beauraing
180500.0,5574,91013,Beauraing,Beauraing
180500.0,5576,91013,Beauraing,Beauraing
419500.0,1320,25005,Bevekom,Beauvechain
345000.0,8730,31003,Beernem,Beernem
392500.0,2340,13004,Beerse,Beerse
417500.0,1650,23003,Beersel,Beersel
417500.0,1651,23003,Beersel,Beersel
417500.0,1652,23003,Beersel,Beersel
417500.0,1653,23003,Beersel,Beersel
417500.0,1654,23003,Beersel,Beersel
392500.0,3130,24007,Begijnendijk,Begijnendijk
357001.5,3460,24008,Bekkevoort,Bekkevoort
357001.5,3461,24008,Bekkevoort,Bekkevoort
150000.0,7970,51008,Beloeil,Beloeil
150000.0,7971,51008,Beloeil,Beloeil
150000.0,7972,51008,Beloeil,Beloeil
150000.0,7973,51008,Beloeil,Beloeil
398500.0,1082,21003,Sint-Agatha-Berchem,Berchem-Sainte-Agathe
275000.0,3580,71004,Beringen,Beringen
275000.0,3581,71004,Beringen,Beringen
275000.0,3582,71004,Beringen,Beringen
275000.0,3583,71004,Beringen,Beringen
260000.0,2590,12002,Berlaar,Berlaar
320000.0,9290,42003,Berlare,Berlare
185000.0,4257,64008,Berloz,Berloz
172500.0,7320,51009,Bernissart,Bernissart
172500.0,7321,51009,Bernissart,Bernissart
172500.0,7322,51009,Bernissart,Bernissart
420000.0,3060,24009,Bertem,Bertem
420000.0,3061,24009,Bertem,Bertem
161500.0,6880,84009,Bertrix,Bertrix
296000.0,9120,46003,Beveren,Beveren
296000.0,9130,46003,Beveren,Beveren
218500.0,4610,62015,Beyne-Heusay,Beyne-Heusay
459500.0,3360,24011,Bierbeek,Bierbeek
275000.0,3740,73006,Bilzen,Bilzen
275000.0,3742,73006,Bilzen,Bilzen
275000.0,3746,73006,Bilzen,Bilzen
165000.0,7130,58002,Binche,Binche
165000.0,7131,58002,Binche,Binche
165000.0,7133,58002,Binche,Binche
165000.0,7134,58002,Binche,Binche
337500.0,8370,31004,Blankenberge,Blankenberge
277500.0,4670,62119,Blegny,Blegny
277500.0,4671,62119,Blegny,Blegny
277500.0,4672,62119,Blegny,Blegny
262500.0,3950,72003,Bocholt,Bocholt
342900.0,2530,11004,Boechout,Boechout
342900.0,2531,11004,Boechout,Boechout
370500.0,2820,12005,Bonheiden,Bonheiden
260000.0,2850,11005,Boom,Boom
438000.0,3190,24014,Boortmeerbeek,Boortmeerbeek
438000.0,3191,24014,Boortmeerbeek,Boortmeerbeek
335000.0,2880,12007,Bornem,Bornem
392500.0,2150,11007,Borsbeek,Borsbeek
185000.0,6830,84010,Bouillon,Bouillon
185000.0,6831,84010,Bouillon,Bouillon
185000.0,6832,84010,Bouillon,Bouillon
185000.0,6833,84010,Bouillon,Bouillon
185000.0,6834,84010,Bouillon,Bouillon
185000.0,6836,84010,Bouillon,Bouillon
185000.0,6838,84010,Bouillon,Bouillon
230000.0,3970,71034,Leopoldsburg,Bourg-Leopold
230000.0,3971,71034,Leopoldsburg,Bourg-Leopold
127500.0,7300,53014,Boussu,Boussu
127500.0,7301,53014,Boussu,Boussu
335000.0,3370,24016,Boutersem,Boutersem
380000.0,1420,25014,Eigenbrakel,Braine-L'Alleud
380000.0,1421,25014,Eigenbrakel,Braine-L'Alleud
380000.0,1428,25014,Eigenbrakel,Braine-L'Alleud
410000.0,1440,25015,Kasteelbrakel,Braine-Le-Chateau
245000.0,7090,55004,'S Gravenbrakel,Braine-Le-Comte
208750.0,4260,64015,Braives,Braives
208750.0,4261,64015,Braives,Braives
208750.0,4263,64015,Braives,Braives
264500.0,9660,45059,Brakel,Brakel
264500.0,9661,45059,Brakel,Brakel
490000.0,2930,11008,Brasschaat,Brasschaat
395000.0,2960,11009,Brecht,Brecht
274000.0,8450,35002,Bredene,Bredene
249000.0,3960,72004,Bree,Bree
180000.0,7940,51012,Brugelette,Brugelette
180000.0,7941,51012,Brugelette,Brugelette
180000.0,7942,51012,Brugelette,Brugelette
180000.0,7943,51012,Brugelette,Brugelette
339500.0,8000,31005,Brugge,Bruges
339500.0,8200,31005,Brugge,Bruges
339500.0,8310,31005,Brugge,Bruges
339500.0,8380,31005,Brugge,Bruges
190000.0,7620,57093,Brunehaut,Brunehaut
190000.0,7621,57093,Brunehaut,Brunehaut
190000.0,7622,57093,Brunehaut,Brunehaut
190000.0,7623,57093,Brunehaut,Brunehaut
190000.0,7624,57093,Brunehaut,Brunehaut
397500.0,1000,21004,Brussel,Bruxelles
397500.0,1020,21004,Brussel,Bruxelles
397500.0,1040,21004,Brussel,Bruxelles
397500.0,1050,21004,Brussel,Bruxelles
397500.0,1120,21004,Brussel,Bruxelles
397500.0,1130,21004,Brussel,Bruxelles
265000.0,9255,42004,Buggenhout,Buggenhout
219500.0,7760,57018,Celles,Celles
150000.0,5630,93010,Cerfontaine,Cerfontaine
170000.0,7160,52010,Chapelle-Lez-Herlaimont,Chapelle-Lez-Herlaimont
149000.0,6000,52011,Charleroi,Charleroi
149000.0,6001,52011,Charleroi,Charleroi
149000.0,6010,52011,Charleroi,Charleroi
149000.0,6020,52011,Charleroi,Charleroi
149000.0,6030,52011,Charleroi,Charleroi
149000.0,6031,52011,Charleroi,Charleroi
149000.0,6032,52011,Charleroi,Charleroi
149000.0,6040,52011,Charleroi,Charleroi
149000.0,6041,52011,Charleroi,Charleroi
149000.0,6042,52011,Charleroi,Charleroi
149000.0,6043,52011,Charleroi,Charleroi
149000.0,6044,52011,Charleroi,Charleroi
149000.0,6060,52011,Charleroi,Charleroi
149000.0,6061,52011,Charleroi,Charleroi
337500.0,1450,25117,Chastre,Chastre
160000.0,6200,52012,Chatelet,Chatelet
235000.0,4050,62022,Chaudfontaine,Chaudfontaine
235000.0,4051,62022,Chaudfontaine,Chaudfontaine
235000.0,4052,62022,Chaudfontaine,Chaudfontaine
235000.0,4053,62022,Chaudfontaine,Chaudfontaine
475000.0,1325,25018,Chaumont-Gistoux,Chaumont-Gistoux
195000.0,7950,51014,Chievres,Chievres
195000.0,7951,51014,Chievres,Chievres
137500.0,6460,56016,Chimay,Chimay
137500.0,6461,56016,Chimay,Chimay
137500.0,6462,56016,Chimay,Chimay
137500.0,6463,56016,Chimay,Chimay
137500.0,6464,56016,Chimay,Chimay
153000.0,6810,85007,Chiny,Chiny
153000.0,6811,85007,Chiny,Chiny
153000.0,6812,85007,Chiny,Chiny
153000.0,6813,85007,Chiny,Chiny
250000.0,5590,91030,Ciney,Ciney
180000.0,4560,61012,Clavier,Clavier
122500.0,7340,53082,Colfontaine,Colfontaine
185000.0,4170,62026,Comblain-Au-Pont,Comblain-Au-Pont
185000.0,4171,62026,Comblain-Au-Pont,Comblain-Au-Pont
170000.0,7780,57097,Komen-Waasten,Comines-Warneton
170000.0,7781,57097,Komen-Waasten,Comines-Warneton
170000.0,7782,57097,Komen-Waasten,Comines-Warneton
170000.0,7783,57097,Komen-Waasten,Comines-Warneton
170000.0,7784,57097,Komen-Waasten,Comines-Warneton
164000.0,6180,52015,Courcelles,Courcelles
164000.0,6181,52015,Courcelles,Courcelles
164000.0,6182,52015,Courcelles,Courcelles
164000.0,6183,52015,Courcelles,Courcelles
295000.0,1490,25023,Court-Saint-Etienne,Court-Saint-Etienne
246000.0,8500,34022,Kortrijk,Courtrai
246000.0,8501,34022,Kortrijk,Courtrai
246000.0,8510,34022,Kortrijk,Courtrai
246000.0,8511,34022,Kortrijk,Courtrai
125000.0,5660,93014,Couvin,Couvin
212500.0,4606,62027,Dalhem,Dalhem
212500.0,4607,62027,Dalhem,Dalhem
212500.0,4608,62027,Dalhem,Dalhem
410000.0,8340,31006,Damme,Damme
280000.0,8420,35029,De Haan,De Haan
280000.0,8421,35029,De Haan,De Haan
548000.0,9840,44012,De Pinte,De Pinte
261000.0,8540,34009,Deerlijk,Deerlijk
389500.0,9800,44083,Deinze,Deinze
389500.0,9850,44083,Deinze,Deinze
287500.0,9470,41011,Denderleeuw,Denderleeuw
287500.0,9472,41011,Denderleeuw,Denderleeuw
287500.0,9473,41011,Denderleeuw,Denderleeuw
292500.0,8720,37002,Dentergem,Dentergem
300000.0,2480,13006,Dessel,Dessel
389000.0,9070,44013,Destelbergen,Destelbergen
310000.0,3590,71011,Diepenbeek,Diepenbeek
320750.0,3290,24020,Diest,Diest
320750.0,3293,24020,Diest,Diest
320750.0,3294,24020,Diest,Diest
410000.0,1700,23016,Dilbeek,Dilbeek
410000.0,1701,23016,Dilbeek,Dilbeek
410000.0,1702,23016,Dilbeek,Dilbeek
410000.0,1703,23016,Dilbeek,Dilbeek
260000.0,3650,72041,Dilsen-Stokkem,Dilsen-Stokkem
168000.0,5500,91034,Dinant,Dinant
168000.0,5501,91034,Dinant,Dinant
168000.0,5502,91034,Dinant,Dinant
168000.0,5503,91034,Dinant,Dinant
168000.0,5504,91034,Dinant,Dinant
149000.0,4820,63020,Dison,Dison
149000.0,4821,63020,Dison,Dison
285000.0,8600,32003,Diksmuide,Dixmude
132000.0,7370,53020,Dour,Dour
375000.0,1620,23098,Drogenbos,Drogenbos
342500.0,2570,12009,Duffel,Duffel
213000.0,6940,83012,Durbuy,Durbuy
213000.0,6941,83012,Durbuy,Durbuy
208500.0,7190,55050,Ecaussinnes,Ecaussinnes
208500.0,7191,55050,Ecaussinnes,Ecaussinnes
460684.0,2650,11013,Edegem,Edegem
251500.0,9900,43005,Eeklo,Eeklo
283500.0,5310,92035,Eghezee,Eghezee
243750.0,7890,51017,Elzele,Ellezelles
240000.0,7850,51067,Edingen,Enghien
170000.0,4480,61080,Engis,Engis
230000.0,6997,83013,Erezee,Erezee
300000.0,9420,41082,Erpe-Mere,Erpe-Mere
135000.0,6560,56022,Erquelinnes,Erquelinnes
228000.0,4130,62032,Esneux,Esneux
345000.0,2910,11016,Essen,Essen
210000.0,7730,57027,Estaimpuis,Estaimpuis
200000.0,7120,58003,Estinnes,Estinnes
661000.0,1040,21005,Etterbeek,Etterbeek
240000.0,4700,63023,Eupen,Eupen
240000.0,4701,63023,Eupen,Eupen
390000.0,1140,21006,Evere,Evere
352500.0,9940,44019,Evergem,Evergem
155000.0,6240,52018,Farciennes,Farciennes
244500.0,5380,92138,Fernelmont,Fernelmont
225000.0,4190,61019,Ferrieres,Ferrieres
192500.0,4400,62120,Flemalle,Flemalle
240750.0,4620,62038,Fleron,Fleron
240750.0,4621,62038,Fleron,Fleron
240750.0,4623,62038,Fleron,Fleron
240750.0,4624,62038,Fleron,Fleron
193000.0,6220,52021,Fleurus,Fleurus
193000.0,6221,52021,Fleurus,Fleurus
193000.0,6222,52021,Fleurus,Fleurus
193000.0,6223,52021,Fleurus,Fleurus
193000.0,6224,52021,Fleurus,Fleurus
190000.0,7880,51019,Vloesberg,Flobecq
300000.0,5150,92045,Floreffe,Floreffe
185000.0,5620,93022,Florennes,Florennes
185000.0,5621,93022,Florennes,Florennes
180000.0,6820,85011,Florenville,Florenville
180000.0,6821,85011,Florenville,Florenville
180000.0,6823,85011,Florenville,Florenville
180000.0,6824,85011,Florenville,Florenville
159000.0,6140,52022,Fontaine-L'Eveque,Fontaine-L'Eveque
159000.0,6141,52022,Fontaine-L'Eveque,Fontaine-L'Eveque
159000.0,6142,52022,Fontaine-L'Eveque,Fontaine-L'Eveque
530000.0,1190,21007,Vorst,Forest
200000.0,5070,92048,Fosses-La-Ville,Fosses-La-Ville
218750.0,3790,73109,Voeren,Fourons
218750.0,3791,73109,Voeren,Fourons
218750.0,3792,73109,Voeren,Fourons
218750.0,3793,73109,Voeren,Fourons
218750.0,3798,73109,Voeren,Fourons
125000.0,7080,53028,Frameries,Frameries
250000.0,7910,51065,Frasnes-Lez-Anvaing,Frasnes-Lez-Anvaing
250000.0,7911,51065,Frasnes-Lez-Anvaing,Frasnes-Lez-Anvaing
250000.0,7912,51065,Frasnes-Lez-Anvaing,Frasnes-Lez-Anvaing
128500.0,6440,56029,Froidchapelle,Froidchapelle
128500.0,6441,56029,Froidchapelle,Froidchapelle
275000.0,8630,38025,Veurne,Furnes
332500.0,1570,23023,Galmaarden,Gammerages
367433.5,9000,44021,Gent,Gand
367433.5,9030,44021,Gent,Gand
367433.5,9031,44021,Gent,Gand
367433.5,9032,44021,Gent,Gand
367433.5,9040,44021,Gent,Gand
367433.5,9041,44021,Gent,Gand
367433.5,9042,44021,Gent,Gand
367433.5,9050,44021,Gent,Gand
367433.5,9051,44021,Gent,Gand
367433.5,9052,44021,Gent,Gand
365000.0,1083,21008,Ganshoren,Ganshoren
390000.0,9890,44020,Gavere,Gavere
167000.0,5575,91054,Gedinne,Gedinne
329500.0,2440,13008,Geel,Geel
254500.0,3450,24028,Geetbets,Geetbets
254500.0,3454,24028,Geetbets,Geetbets
282500.0,5030,92142,Gembloux,Gembloux
282500.0,5031,92142,Gembloux,Gembloux
282500.0,5032,92142,Gembloux,Gembloux
344000.0,1470,25031,Genepien,Genappe
344000.0,1471,25031,Genepien,Genappe
344000.0,1472,25031,Genepien,Genappe
344000.0,1473,25031,Genepien,Genappe
344000.0,1474,25031,Genepien,Genappe
344000.0,1476,25031,Genepien,Genappe
259750.0,3600,71016,Genk,Genk
285000.0,6280,52025,Gerpinnes,Gerpinnes
225000.0,5340,92054,Gesves,Gesves
274500.0,3890,71017,Gingelom,Gingelom
274500.0,3891,71017,Gingelom,Gingelom
344000.0,8470,35005,Gistel,Gistel
346000.0,3380,24137,Glabbeek,Glabbeek
346000.0,3381,24137,Glabbeek,Glabbeek
346000.0,3384,24137,Glabbeek,Glabbeek
325275.0,1755,23024,Gooik,Gooik
189000.0,6670,82037,Gouvy,Gouvy
189000.0,6671,82037,Gouvy,Gouvy
189000.0,6672,82037,Gouvy,Gouvy
189000.0,6673,82037,Gouvy,Gouvy
189000.0,6674,82037,Gouvy,Gouvy
192500.0,4460,62118,Grace-Hollogne,Grace-Hollogne
230000.0,9500,41018,Geraardsbergen,Grammont
230000.0,9506,41018,Geraardsbergen,Grammont
357500.0,1390,25037,Graven,Grez-Doiceau
399000.0,1850,23025,Grimbergen,Grimbergen
399000.0,1851,23025,Grimbergen,Grimbergen
399000.0,1852,23025,Grimbergen,Grimbergen
399000.0,1853,23025,Grimbergen,Grimbergen
385000.0,2280,13010,Grobbendonk,Grobbendonk
385000.0,2288,13010,Grobbendonk,Grobbendonk
339000.0,3150,24033,Haacht,Haacht
327725.0,9450,41024,Haaltert,Haaltert
327725.0,9451,41024,Haaltert,Haaltert
315000.0,6720,85046,Habay,Habay
315000.0,6721,85046,Habay,Habay
315000.0,6723,85046,Habay,Habay
315000.0,6724,85046,Habay,Habay
340000.0,1500,23027,Halle,Hal
340000.0,1501,23027,Halle,Hal
340000.0,1502,23027,Halle,Hal
280000.0,3545,71020,Halen,Halen
265000.0,3945,71069,Ham,Ham
243750.0,6120,56086,Ham-Sur-Heure-Nalinnes,Ham-Sur-Heure-Nalinnes
269250.0,9220,42008,Hamme,Hamme
285000.0,5360,91059,Hamois,Hamois
285000.0,5361,91059,Hamois,Hamois
285000.0,5362,91059,Hamois,Hamois
285000.0,5363,91059,Hamois,Hamois
285000.0,5364,91059,Hamois,Hamois
295000.0,3930,72037,Hamont-Achel,Hamont-Achel
250000.0,4280,64034,Hannuit,Hannut
268000.0,8530,34013,Harelbeke,Harelbeke
268000.0,8531,34013,Harelbeke,Harelbeke
313750.0,3500,71022,Hasselt,Hasselt
313750.0,3501,71022,Hasselt,Hasselt
313750.0,3510,71022,Hasselt,Hasselt
313750.0,3511,71022,Hasselt,Hasselt
313750.0,3512,71022,Hasselt,Hasselt
110000.0,5540,91142,Hastiere,Hastiere
110000.0,5541,91142,Hastiere,Hastiere
110000.0,5542,91142,Hastiere,Hastiere
110000.0,5543,91142,Hastiere,Hastiere
110000.0,5544,91142,Hastiere,Hastiere
312000.0,3940,72038,Hechtel-Eksel,Hechtel-Eksel
312000.0,3941,72038,Hechtel-Eksel,Hechtel-Eksel
232500.0,3870,73022,Heers,Heers
350000.0,2220,12014,Heist-Op-Den-Berg,Heist-Op-Den-Berg
350000.0,2221,12014,Heist-Op-Den-Berg,Heist-Op-Den-Berg
350000.0,2222,12014,Heist-Op-Den-Berg,Heist-Op-Den-Berg
350000.0,2223,12014,Heist-Op-Den-Berg,Heist-Op-Den-Berg
308750.0,2620,11018,Hemiksem,Hemiksem
126500.0,7350,53039,Hensies,Hensies
113750.0,6887,84029,Herbeumont,Herbeumont
291500.0,3540,71024,Herk-De-Stad,Herck-La-Ville
456281.0,3020,24038,Herent,Herent
299000.0,2200,13011,Herentals,Herentals
300000.0,2270,13012,Herenthout,Herenthout
370000.0,1540,23032,Herne,Herne
370000.0,1541,23032,Herne,Herne
290000.0,4217,61028,Heron,Heron
290000.0,4218,61028,Heron,Heron
305000.0,2230,13013,Herselt,Herselt
170000.0,4040,62051,Herstal,Herstal
170000.0,4041,62051,Herstal,Herstal
170000.0,4042,62051,Herstal,Herstal
270000.0,4650,63035,Herve,Herve
270000.0,4651,63035,Herve,Herve
270000.0,4652,63035,Herve,Herve
270000.0,4653,63035,Herve,Herve
270000.0,4654,63035,Herve,Herve
343500.0,9550,41027,Herzele,Herzele
343500.0,9551,41027,Herzele,Herzele
343500.0,9552,41027,Herzele,Herzele
292500.0,3550,71070,Heusden-Zolder,Heusden-Zolder
242500.0,8950,33039,Heuvelland,Heuvelland
242500.0,8951,33039,Heuvelland,Heuvelland
242500.0,8952,33039,Heuvelland,Heuvelland
242500.0,8953,33039,Heuvelland,Heuvelland
242500.0,8954,33039,Heuvelland,Heuvelland
242500.0,8956,33039,Heuvelland,Heuvelland
242500.0,8958,33039,Heuvelland,Heuvelland
270000.0,3320,24041,Hoegaarden,Hoegaarden
270000.0,3321,24041,Hoegaarden,Hoegaarden
515000.0,1560,23033,Hoeilaart,Hoeilaart
250000.0,3730,73032,Hoeselt,Hoeselt
250000.0,3732,73032,Hoeselt,Hoeselt
375000.0,3220,24043,Holsbeek,Holsbeek
375000.0,3221,24043,Holsbeek,Holsbeek
210000.0,7387,53083,Honnelles,Honnelles
285000.0,8830,36006,Hooglede,Hooglede
435000.0,2320,13014,Hoogstraten,Hoogstraten
435000.0,2321,13014,Hoogstraten,Hoogstraten
435000.0,2322,13014,Hoogstraten,Hoogstraten
435000.0,2323,13014,Hoogstraten,Hoogstraten
435000.0,2328,13014,Hoogstraten,Hoogstraten
185000.0,6990,83028,Hotton,Hotton
238000.0,6660,82014,Houffalize,Houffalize
238000.0,6661,82014,Houffalize,Houffalize
238000.0,6662,82014,Houffalize,Houffalize
238000.0,6663,82014,Houffalize,Houffalize
238000.0,6666,82014,Houffalize,Houffalize
265750.0,3530,72039,Houthalen-Helchteren,Houthalen-Helchteren
280000.0,8650,32006,Houthulst,Houthulst
149500.0,5560,91072,Houyet,Houyet
149500.0,5561,91072,Houyet,Houyet
149500.0,5562,91072,Houyet,Houyet
149500.0,5563,91072,Houyet,Houyet
149500.0,5564,91072,Houyet,Houyet
612950.0,2540,11021,Hove,Hove
400000.0,3040,24045,Huldenberg,Huldenberg
363200.0,2235,13016,Hulshout,Hulshout
231000.0,4500,61031,Hoei,Huy
290000.0,8480,35006,Ichtegem,Ichtegem
385000.0,1315,25043,Incourt,Incourt
249000.0,8770,36007,Ingelmunster,Ingelmunster
295000.0,1460,25044,Itter,Ittre
295000.0,1461,25044,Itter,Ittre
840000.0,1050,21009,Elsene,Ixelles
243000.0,8870,36008,Izegem,Izegem
330000.0,8490,31012,Jabbeke,Jabbeke
340000.0,4845,63038,Jalhay,Jalhay
239500.0,5190,92140,Jemeppe-Sur-Sambre,Jemeppe-Sur-Sambre
420000.0,1090,21010,Jette,Jette
310000.0,1370,25048,Geldenaken,Jodoigne
285000.0,4450,62060,Juprelle,Juprelle
285000.0,4451,62060,Juprelle,Juprelle
285000.0,4452,62060,Juprelle,Juprelle
285000.0,4453,62060,Juprelle,Juprelle
285000.0,4458,62060,Juprelle,Juprelle
332500.0,7050,53044,Jurbeke,Jurbise
433500.0,2920,11022,Kalmthout,Kalmthout
380000.0,1910,23038,Kampenhout,Kampenhout
375000.0,1880,23039,Kapelle-Op-Den-Bos,Kapelle-Op-Den-Bos
382500.0,2950,11023,Kapellen,Kapellen
356000.0,9970,43007,Kaprijke,Kaprijke
356000.0,9971,43007,Kaprijke,Kaprijke
375000.0,2460,13017,Kasterlee,Kasterlee
425000.0,3140,24048,Keerbergen,Keerbergen
262500.0,3640,72018,Kinrooi,Kinrooi
282500.0,9690,45060,Kluisbergen,Kluisbergen
750000.0,8300,31043,Knokke-Heist,Knokke-Heist
750000.0,8301,31043,Knokke-Heist,Knokke-Heist
290000.0,8680,32010,Koekelare,Koekelare
325000.0,8670,38014,Koksijde,Koksijde
410000.0,2550,11024,Kontich,Kontich
265000.0,8610,32011,Kortemark,Kortemark
350000.0,3470,24054,Kortenaken,Kortenaken
350000.0,3471,24054,Kortenaken,Kortenaken
350000.0,3472,24054,Kortenaken,Kortenaken
350000.0,3473,24054,Kortenaken,Kortenaken
390000.0,3070,24055,Kortenberg,Kortenberg
390000.0,3071,24055,Kortenberg,Kortenberg
390000.0,3078,24055,Kortenberg,Kortenberg
253350.0,3720,73040,Kortessem,Kortessem
253350.0,3721,73040,Kortessem,Kortessem
253350.0,3722,73040,Kortessem,Kortessem
253350.0,3723,73040,Kortessem,Kortessem
253350.0,3724,73040,Kortessem,Kortessem
588000.0,1950,23099,Kraainem,Kraainem
350000.0,9150,46013,Kruibeke,Kruibeke
380000.0,9750,45068,Kruisem,Kruisem
380000.0,9770,45068,Kruisem,Kruisem
380000.0,9771,45068,Kruisem,Kruisem
380000.0,9772,45068,Kruisem,Kruisem
249500.0,8520,34023,Kuurne,Kuurne
320000.0,5080,92141,La Bruyere,La Bruyere
320000.0,5081,92141,La Bruyere,La Bruyere
257000.0,4720,63040,Kelmis,La Calamine
257000.0,4721,63040,Kelmis,La Calamine
257000.0,4728,63040,Kelmis,La Calamine
428250.0,1310,25050,Terhulpen,La Hulpe
170000.0,7100,58001,La Louviere,La Louviere
170000.0,7110,58001,La Louviere,La Louviere
241000.0,8660,38008,De Panne,La Panne
197500.0,6980,83031,La Roche-En-Ardenne,La Roche-En-Ardenne
197500.0,6982,83031,La Roche-En-Ardenne,La Roche-En-Ardenne
197500.0,6983,83031,La Roche-En-Ardenne,La Roche-En-Ardenne
197500.0,6984,83031,La Roche-En-Ardenne,La Roche-En-Ardenne
197500.0,6986,83031,La Roche-En-Ardenne,La Roche-En-Ardenne
267500.0,2430,13053,Laakdal,Laakdal
267500.0,2431,13053,Laakdal,Laakdal
415000.0,9270,42010,Laarne,Laarne
290000.0,3620,73042,Lanaken,Lanaken
290000.0,3621,73042,Lanaken,Lanaken
235100.0,3400,24059,Landen,Landen
235100.0,3401,24059,Landen,Landen
235100.0,3404,24059,Landen,Landen
220250.0,8920,33040,Langemark-Poelkapelle,Langemark-Poelkapelle
695000.0,1380,25119,Lasne,Lasne
225000.0,7070,55035,Le Roeulx,Le Roeulx
240000.0,3440,24130,Zoutleeuw,Leau
296500.0,9280,42011,Lebbeke,Lebbeke
297000.0,9340,41034,Lede,Lede
270000.0,8880,36010,Ledegem,Ledegem
269000.0,8860,34025,Lendelede,Lendelede
497500.0,1750,23104,Lennik,Lennik
245000.0,6210,52075,Les Bons Villers,Les Bons Villers
245000.0,6211,52075,Les Bons Villers,Les Bons Villers
190000.0,7860,51069,Lessen,Lessines
190000.0,7861,51069,Lessen,Lessines
190000.0,7862,51069,Lessen,Lessines
190000.0,7863,51069,Lessen,Lessines
190000.0,7864,51069,Lessen,Lessines
190000.0,7866,51069,Lessen,Lessines
200000.0,7900,57094,Leuze-En-Hainaut,Leuze-En-Hainaut
200000.0,7901,57094,Leuze-En-Hainaut,Leuze-En-Hainaut
200000.0,7903,57094,Leuze-En-Hainaut,Leuze-En-Hainaut
200000.0,7904,57094,Leuze-En-Hainaut,Leuze-En-Hainaut
200000.0,7906,57094,Leuze-En-Hainaut,Leuze-En-Hainaut
135000.0,6890,84035,Libin,Libin
307500.0,6800,84077,Libramont-Chevigny,Libramont-Chevigny
305000.0,8810,36011,Lichtervelde,Lichtervelde
297000.0,1770,23044,Liedekerke,Liedekerke
185000.0,4000,62063,Luik,Liege
185000.0,4020,62063,Luik,Liege
185000.0,4030,62063,Luik,Liege
185000.0,4031,62063,Luik,Liege
185000.0,4032,62063,Luik,Liege
285000.0,9570,45063,Lierde,Lierde
285000.0,9571,45063,Lierde,Lierde
285000.0,9572,45063,Lierde,Lierde
310000.0,2500,12021,Lier,Lierre
350027.5,9920,44085,Lievegem,Lievegem
350027.5,9921,44085,Lievegem,Lievegem
350027.5,9930,44085,Lievegem,Lievegem
350027.5,9931,44085,Lievegem,Lievegem
350027.5,9932,44085,Lievegem,Lievegem
350027.5,9950,44085,Lievegem,Lievegem
351000.0,2275,13019,Lille,Lille
152000.0,4830,63046,Limburg,Limbourg
152000.0,4831,63046,Limburg,Limbourg
152000.0,4834,63046,Limburg,Limbourg
400000.0,1630,23100,Linkebeek,Linkebeek
458000.0,2547,11025,Lint,Lint
240000.0,3350,24133,Linter,Linter
175300.0,8647,32030,Lo-Reninge,Lo-Reninge
160000.0,6540,56044,Lobbes,Lobbes
160000.0,6542,56044,Lobbes,Lobbes
160000.0,6543,56044,Lobbes,Lobbes
457000.0,9080,44034,Lochristi,Lochristi
300000.0,9160,46014,Lokeren,Lokeren
299000.0,3920,72020,Lommel,Lommel
357500.0,1840,23045,Londerzeel,Londerzeel
250000.0,3840,73009,Borgloon,Looz
440000.0,3000,24062,Leuven,Louvain
440000.0,3001,24062,Leuven,Louvain
440000.0,3010,24062,Leuven,Louvain
440000.0,3012,24062,Leuven,Louvain
440000.0,3018,24062,Leuven,Louvain
408000.0,3210,24066,Lubbeek,Lubbeek
408000.0,3211,24066,Lubbeek,Lubbeek
408000.0,3212,24066,Lubbeek,Lubbeek
280000.0,3560,71037,Lummen,Lummen
275000.0,9680,45064,Maarkedal,Maarkedal
275000.0,9681,45064,Maarkedal,Maarkedal
275000.0,9688,45064,Maarkedal,Maarkedal
320000.0,3680,72021,Maaseik,Maaseik
252500.0,3630,73107,Maasmechelen,Maasmechelen
252500.0,3631,73107,Maasmechelen,Maasmechelen
350000.0,1830,23047,Machelen,Machelen
350000.0,1831,23047,Machelen,Machelen
350000.0,1931,23047,Machelen,Machelen
328010.0,9990,43010,Maldegem,Maldegem
328010.0,9991,43010,Maldegem,Maldegem
328010.0,9992,43010,Maldegem,Maldegem
354000.0,2800,12025,Mechelen,Malines
354000.0,2801,12025,Mechelen,Malines
354000.0,2811,12025,Mechelen,Malines
354000.0,2812,12025,Mechelen,Malines
417000.0,2390,11057,Malle,Malle
212500.0,4960,63049,Malmedy,Malmedy
170000.0,7170,55086,Manage,Manage
280000.0,6900,83034,Marche-En-Famenne,Marche-En-Famenne
237500.0,4570,61039,Marchin,Marchin
261000.0,2450,13021,Meerhout,Meerhout
432762.0,1860,23050,Meise,Meise
432762.0,1861,23050,Meise,Meise
390000.0,9090,44040,Melle,Melle
180000.0,8930,34027,Menen,Menin
153750.0,6567,56049,Merbes-Le-Chateau,Merbes-Le-Chateau
365000.0,1785,23052,Merchtem,Merchtem
379000.0,9820,44043,Merelbeke,Merelbeke
377500.0,2330,13023,Merksplas,Merksplas
310000.0,6780,81015,Messancy,Messancy
310000.0,6781,81015,Messancy,Messancy
310000.0,6782,81015,Messancy,Messancy
249000.0,5640,92087,Mettet,Mettet
249000.0,5641,92087,Mettet,Mettet
249000.0,5644,92087,Mettet,Mettet
249000.0,5646,92087,Mettet,Mettet
260000.0,8760,37007,Meulebeke,Meulebeke
246000.0,8430,35011,Middelkerke,Middelkerke
246000.0,8431,35011,Middelkerke,Middelkerke
246000.0,8432,35011,Middelkerke,Middelkerke
246000.0,8433,35011,Middelkerke,Middelkerke
246000.0,8434,35011,Middelkerke,Middelkerke
297500.0,9180,44045,Moerbeke,Moerbeke
293300.0,2400,13025,Mol,Mol
362000.0,1080,21012,Sint-Jans-Molenbeek,Molenbeek-Saint-Jean
112500.0,6590,56051,Momignies,Momignies
112500.0,6591,56051,Momignies,Momignies
112500.0,6592,56051,Momignies,Momignies
112500.0,6593,56051,Momignies,Momignies
112500.0,6594,56051,Momignies,Momignies
112500.0,6596,56051,Momignies,Momignies
172000.0,7000,53053,Bergen,Mons
172000.0,7010,53053,Bergen,Mons
172000.0,7011,53053,Bergen,Mons
172000.0,7012,53053,Bergen,Mons
172000.0,7020,53053,Bergen,Mons
172000.0,7021,53053,Bergen,Mons
172000.0,7022,53053,Bergen,Mons
172000.0,7024,53053,Bergen,Mons
172000.0,7030,53053,Bergen,Mons
172000.0,7031,53053,Bergen,Mons
172000.0,7032,53053,Bergen,Mons
172000.0,7033,53053,Bergen,Mons
172000.0,7034,53053,Bergen,Mons
235000.0,7750,57095,Mont-De-L'Enclus,Mont-De-L'Enclus
330000.0,1435,25068,Mont-Saint-Guibert,Mont-Saint-Guibert
285000.0,3270,24134,Scherpenheuvel-Zichem,Montaigu-Zichem
285000.0,3271,24134,Scherpenheuvel-Zichem,Montaigu-Zichem
285000.0,3272,24134,Scherpenheuvel-Zichem,Montaigu-Zichem
252500.0,6110,52048,Montigny-Le-Tilleul,Montigny-Le-Tilleul
252500.0,6111,52048,Montigny-Le-Tilleul,Montigny-Le-Tilleul
247500.0,8890,36012,Moorslede,Moorslede
190000.0,7140,58004,Morlanwelz,Morlanwelz
190000.0,7141,58004,Morlanwelz,Morlanwelz
423000.0,2640,11029,Mortsel,Mortsel
172450.0,7700,57096,Moeskroen,Mouscron
172450.0,7711,57096,Moeskroen,Mouscron
172450.0,7712,57096,Moeskroen,Mouscron
185000.0,6750,85026,Musson,Musson
280000.0,5000,92094,Namen,Namur
280000.0,5001,92094,Namen,Namur
280000.0,5002,92094,Namen,Namur
280000.0,5003,92094,Namen,Namur
280000.0,5004,92094,Namen,Namur
280000.0,5020,92094,Namen,Namur
280000.0,5021,92094,Namen,Namur
280000.0,5022,92094,Namen,Namur
280000.0,5024,92094,Namen,Namur
280000.0,5100,92094,Namen,Namur
280000.0,5101,92094,Namen,Namur
310000.0,4550,61043,Nandrin,Nandrin
157500.0,6950,83040,Nassogne,Nassogne
157500.0,6951,83040,Nassogne,Nassogne
157500.0,6952,83040,Nassogne,Nassogne
157500.0,6953,83040,Nassogne,Nassogne
372000.0,9810,44048,Nazareth,Nazareth
184000.0,6840,84043,Neufchateau,Neufchateau
345000.0,4120,62121,Neupre,Neupre
345000.0,4121,62121,Neupre,Neupre
345000.0,4122,62121,Neupre,Neupre
260000.0,2845,11030,Niel,Niel
265000.0,8620,38016,Nieuwpoort,Nieuport
207500.0,3850,71045,Nieuwerkerken,Nieuwerkerken
335000.0,2560,12026,Nijlen,Nijlen
297000.0,9400,41048,Ninove,Ninove
297000.0,9401,41048,Ninove,Ninove
297000.0,9402,41048,Ninove,Ninove
297000.0,9403,41048,Ninove,Ninove
297000.0,9404,41048,Ninove,Ninove
297000.0,9406,41048,Ninove,Ninove
310000.0,1400,25072,Nijvel,Nivelles
310000.0,1401,25072,Nijvel,Nivelles
310000.0,1402,25072,Nijvel,Nivelles
310000.0,1404,25072,Nijvel,Nivelles
177500.0,5350,92097,Ohey,Ohey
177500.0,5351,92097,Ohey,Ohey
177500.0,5352,92097,Ohey,Ohey
177500.0,5353,92097,Ohey,Ohey
177500.0,5354,92097,Ohey,Ohey
304000.0,2250,13029,Olen,Olen
375000.0,9860,44052,Oosterzele,Oosterzele
360000.0,8020,31022,Oostkamp,Oostkamp
297500.0,8780,37010,Oostrozebeke,Oostrozebeke
360000.0,1745,23060,Opwijk,Opwijk
262000.0,1350,25120,Orp-Jauche,Orp-Jauche
271000.0,8400,35013,Oostende,Ostende
392500.0,1340,25121,Ottignies-Louvain-La-Neuve,Ottignies-Louvain-La-Neuve
392500.0,1341,25121,Ottignies-Louvain-La-Neuve,Ottignies-Louvain-La-Neuve
392500.0,1342,25121,Ottignies-Louvain-La-Neuve,Ottignies-Louvain-La-Neuve
392500.0,1348,25121,Ottignies-Louvain-La-Neuve,Ottignies-Louvain-La-Neuve
494614.5,3050,24086,Oud-Heverlee,Oud-Heverlee
494614.5,3051,24086,Oud-Heverlee,Oud-Heverlee
494614.5,3052,24086,Oud-Heverlee,Oud-Heverlee
494614.5,3053,24086,Oud-Heverlee,Oud-Heverlee
494614.5,3054,24086,Oud-Heverlee,Oud-Heverlee
379000.0,2360,13031,Oud-Turnhout,Oud-Turnhout
266000.0,8460,35014,Oudenburg,Oudenburg
310000.0,3660,72042,Oudsbergen,Oudsbergen
310000.0,3670,72042,Oudsbergen,Oudsbergen
222500.0,4680,62079,Oupeye,Oupeye
222500.0,4681,62079,Oupeye,Oupeye
222500.0,4682,62079,Oupeye,Oupeye
222500.0,4683,62079,Oupeye,Oupeye
222500.0,4684,62079,Oupeye,Oupeye
507500.0,3090,23062,Overijse,Overijse
271500.0,7740,57062,Pecq,Pecq
271500.0,7742,57062,Pecq,Pecq
271500.0,7743,57062,Pecq,Pecq
234500.0,3990,72030,Peer,Peer
297750.0,3900,72043,Pelt,Pelt
297750.0,3910,72043,Pelt,Pelt
336500.0,1670,23064,Pepingen,Pepingen
336500.0,1671,23064,Pepingen,Pepingen
336500.0,1673,23064,Pepingen,Pepingen
336500.0,1674,23064,Pepingen,Pepingen
137500.0,4860,63058,Pepinster,Pepinster
137500.0,4861,63058,Pepinster,Pepinster
177500.0,7600,57064,Peruwelz,Peruwelz
177500.0,7601,57064,Peruwelz,Peruwelz
177500.0,7602,57064,Peruwelz,Peruwelz
177500.0,7603,57064,Peruwelz,Peruwelz
177500.0,7604,57064,Peruwelz,Peruwelz
177500.0,7608,57064,Peruwelz,Peruwelz
270000.0,1360,25084,Perwijs,Perwez
170000.0,5600,93056,Philippeville,Philippeville
285000.0,8740,37011,Pittem,Pittem
260000.0,4850,63088,Plombieres,Plombieres
260000.0,4851,63088,Plombieres,Plombieres
260000.0,4852,63088,Plombieres,Plombieres
215000.0,6230,52055,Pont-A-Celles,Pont-A-Celles
215000.0,6238,52055,Pont-A-Celles,Pont-A-Celles
235000.0,8970,33021,Poperinge,Poperinge
235000.0,8972,33021,Poperinge,Poperinge
235000.0,8978,33021,Poperinge,Poperinge
306000.0,5170,92101,Profondeville,Profondeville
335000.0,2580,12029,Putte,Putte
332500.0,2870,12041,Puurs-Sint-Amands,Puurs-Sint-Amands
332500.0,2890,12041,Puurs-Sint-Amands,Puurs-Sint-Amands
139000.0,7390,53065,Quaregnon,Quaregnon
190000.0,7040,53084,Quevy,Quevy
190000.0,7041,53084,Quevy,Quevy
149250.0,7380,53068,Quievrain,Quievrain
149250.0,7382,53068,Quievrain,Quievrain
345500.0,4730,63061,Raeren,Raeren
345500.0,4731,63061,Raeren,Raeren
280000.0,1367,25122,Ramillies,Ramillies
426250.0,2520,11035,Ranst,Ranst
397500.0,2380,13035,Ravels,Ravels
397500.0,2381,13035,Ravels,Ravels
397500.0,2382,13035,Ravels,Ravels
330000.0,1430,25123,Rebecq,Rebecq
252500.0,4350,64063,Remicourt,Remicourt
252500.0,4351,64063,Remicourt,Remicourt
195750.0,9600,45041,Ronse,Renaix
125000.0,6987,83044,Rendeux,Rendeux
378500.0,2470,13036,Retie,Retie
562500.0,1640,23101,Sint-Genesius-Rode,Rhode-Saint-Genese
258250.0,3770,73066,Riemst,Riemst
349000.0,2310,13037,Rijkevorsel,Rijkevorsel
505000.0,1330,25091,Rixensart,Rixensart
505000.0,1331,25091,Rixensart,Rixensart
505000.0,1332,25091,Rixensart,Rixensart
182500.0,5580,91114,Rochefort,Rochefort
375000.0,1760,23097,Roosdaal,Roosdaal
375000.0,1761,23097,Roosdaal,Roosdaal
386500.0,3110,24094,Rotselaar,Rotselaar
386500.0,3111,24094,Rotselaar,Rotselaar
386500.0,3118,24094,Rotselaar,Rotselaar
253000.0,8800,36015,Roeselare,Roulers
289000.0,8755,37012,Ruiselede,Ruiselede
190000.0,7610,57072,Rumes,Rumes
190000.0,7611,57072,Rumes,Rumes
190000.0,7618,57072,Rumes,Rumes
330000.0,2840,11037,Rumst,Rumst
230750.0,4470,64065,Saint-Georges-Sur-Meuse,Saint-Georges-Sur-Meuse
222500.0,7330,53070,Saint-Ghislain,Saint-Ghislain
222500.0,7331,53070,Saint-Ghislain,Saint-Ghislain
222500.0,7332,53070,Saint-Ghislain,Saint-Ghislain
222500.0,7333,53070,Saint-Ghislain,Saint-Ghislain
222500.0,7334,53070,Saint-Ghislain,Saint-Ghislain
175000.0,6870,84059,Saint-Hubert,Saint-Hubert
243750.0,4420,62093,Saint-Nicolas,Saint-Nicolas
243750.0,9100,46021,Sint-Niklaas,Saint-Nicolas
243750.0,9111,46021,Sint-Niklaas,Saint-Nicolas
243750.0,9112,46021,Sint-Niklaas,Saint-Nicolas
255000.0,3800,71053,Sint-Truiden,Saint-Trond
255000.0,3803,71053,Sint-Truiden,Saint-Trond
255000.0,3806,71053,Sint-Truiden,Saint-Trond
211500.0,5060,92137,Sambreville,Sambreville
463000.0,1030,21015,Schaarbeek,Schaerbeek
352000.0,2627,11038,Schelle,Schelle
605000.0,2970,11039,Schilde,Schilde
365000.0,2900,11040,Schoten,Schoten
225000.0,7180,55085,Seneffe,Seneffe
225000.0,7181,55085,Seneffe,Seneffe
157000.0,4100,62096,Seraing,Seraing
157000.0,4101,62096,Seraing,Seraing
157000.0,4102,62096,Seraing,Seraing
305000.0,7830,51068,Opzullik,Silly
350000.0,9170,46020,Sint-Gillis-Waas,Sint-Gillis-Waas
392500.0,2860,12035,Sint-Katelijne-Waver,Sint-Katelijne-Waver
392500.0,2861,12035,Sint-Katelijne-Waver,Sint-Katelijne-Waver
302000.0,9980,43014,Sint-Laureins,Sint-Laureins
302000.0,9981,43014,Sint-Laureins,Sint-Laureins
302000.0,9982,43014,Sint-Laureins,Sint-Laureins
302000.0,9988,43014,Sint-Laureins,Sint-Laureins
315000.0,9520,41063,Sint-Lievens-Houtem,Sint-Lievens-Houtem
315000.0,9521,41063,Sint-Lievens-Houtem,Sint-Lievens-Houtem
772500.0,9830,44064,Sint-Martens-Latem,Sint-Martens-Latem
772500.0,9831,44064,Sint-Martens-Latem,Sint-Martens-Latem
355000.0,1600,23077,Sint-Pieters-Leeuw,Sint-Pieters-Leeuw
355000.0,1601,23077,Sint-Pieters-Leeuw,Sint-Pieters-Leeuw
355000.0,1602,23077,Sint-Pieters-Leeuw,Sint-Pieters-Leeuw
115000.0,6470,56088,Sivry-Rance,Sivry-Rance
250000.0,7060,55040,Zinnik,Soignies
250000.0,7061,55040,Zinnik,Soignies
250000.0,7062,55040,Zinnik,Soignies
250000.0,7063,55040,Zinnik,Soignies
225000.0,5140,92114,Sombreffe,Sombreffe
190000.0,5377,91120,Somme-Leuze,Somme-Leuze
277000.0,4630,62099,Soumagne,Soumagne
277000.0,4631,62099,Soumagne,Soumagne
277000.0,4632,62099,Soumagne,Soumagne
277000.0,4633,62099,Soumagne,Soumagne
280000.0,4900,63072,Spa,Spa
225000.0,4140,62100,Sprimont,Sprimont
225000.0,4141,62100,Sprimont,Sprimont
337000.0,2940,11044,Stabroek,Stabroek
225000.0,8840,36019,Staden,Staden
153000.0,4970,63073,Stavelot,Stavelot
455000.0,1820,23081,Steenokkerzeel,Steenokkerzeel
330000.0,9190,46024,Stekene,Stekene
285000.0,9140,46025,Temse,Tamise
94200.0,6927,84068,Tellin,Tellin
249500.0,9200,42006,Dendermonde,Termonde
352000.0,1740,23086,Ternat,Ternat
352000.0,1741,23086,Ternat,Ternat
352000.0,1742,23086,Ternat,Ternat
585000.0,3080,24104,Tervuren,Tervuren
268500.0,3980,71057,Tessenderlo,Tessenderlo
285000.0,4910,63076,Theux,Theux
176000.0,4890,63089,Thimister-Clermont,Thimister-Clermont
180000.0,6530,56078,Thuin,Thuin
180000.0,6531,56078,Thuin,Thuin
180000.0,6532,56078,Thuin,Thuin
180000.0,6533,56078,Thuin,Thuin
180000.0,6534,56078,Thuin,Thuin
180000.0,6536,56078,Thuin,Thuin
285000.0,8700,37015,Tielt,Tielt
347500.0,3390,24135,Tielt-Winge,Tielt-Winge
347500.0,3391,24135,Tielt-Winge,Tielt-Winge
179000.0,6730,85039,Tintigny,Tintigny
235000.0,3300,24107,Tienen,Tirlemont
214227.5,3700,73083,Tongeren,Tongres
325000.0,8820,31033,Torhout,Torhout
205000.0,7500,57081,Doornik,Tournai
205000.0,7501,57081,Doornik,Tournai
205000.0,7502,57081,Doornik,Tournai
205000.0,7503,57081,Doornik,Tournai
205000.0,7504,57081,Doornik,Tournai
205000.0,7506,57081,Doornik,Tournai
205000.0,7520,57081,Doornik,Tournai
205000.0,7521,57081,Doornik,Tournai
205000.0,7522,57081,Doornik,Tournai
205000.0,7530,57081,Doornik,Tournai
205000.0,7531,57081,Doornik,Tournai
205000.0,7532,57081,Doornik,Tournai
205000.0,7533,57081,Doornik,Tournai
205000.0,7534,57081,Doornik,Tournai
205000.0,7536,57081,Doornik,Tournai
205000.0,7538,57081,Doornik,Tournai
205000.0,7540,57081,Doornik,Tournai
205000.0,7542,57081,Doornik,Tournai
205000.0,7543,57081,Doornik,Tournai
205000.0,7548,57081,Doornik,Tournai
336000.0,3120,24109,Tremelo,Tremelo
336000.0,3128,24109,Tremelo,Tremelo
97000.0,4980,63086,Trois-Ponts,Trois-Ponts
97000.0,4983,63086,Trois-Ponts,Trois-Ponts
145000.0,4870,62122,Trooz,Trooz
280000.0,1480,25105,Tubeke,Tubize
255000.0,2300,13040,Turnhout,Turnhout
720000.0,1180,21016,Ukkel,Uccle
200000.0,4800,63079,Verviers,Verviers
200000.0,4801,63079,Verviers,Verviers
200000.0,4802,63079,Verviers,Verviers
200000.0,6690,82032,Vielsalm,Vielsalm
200000.0,6692,82032,Vielsalm,Vielsalm
200000.0,6698,82032,Vielsalm,Vielsalm
380000.0,1495,25107,Villers-La-Ville,Villers-La-Ville
247500.0,4530,61068,Villers-Le-Bouillet,Villers-Le-Bouillet
361000.0,1800,23088,Vilvoorde,Vilvorde
361000.0,1804,23088,Vilvoorde,Vilvorde
159500.0,5670,93090,Viroinval,Viroinval
260000.0,6760,85045,Virton,Virton
260000.0,6761,85045,Virton,Virton
260000.0,6762,85045,Virton,Virton
180000.0,4600,62108,Wezet,Vise
180000.0,4601,62108,Wezet,Vise
180000.0,4602,62108,Wezet,Vise
181000.0,8640,33041,Vleteren,Vleteren
348500.0,2290,13044,Vorselaar,Vorselaar
364500.0,2350,13046,Vosselaar,Vosselaar
133750.0,5550,91143,Vresse-Sur-Semois,Vresse-Sur-Semois
309500.0,9250,42023,Waasmunster,Waasmunster
347500.0,9185,44073,Wachtebeke,Wachtebeke
215000.0,5650,93088,Walcourt,Walcourt
215000.0,5651,93088,Walcourt,Walcourt
303910.0,1457,25124,Walhain,Walhain
238000.0,4520,61072,Wanze,Wanze
339577.5,8790,34040,Waregem,Waregem
339577.5,8791,34040,Waregem,Waregem
339577.5,8792,34040,Waregem,Waregem
339577.5,8793,34040,Waregem,Waregem
249500.0,4300,64074,Borgworm,Waremme
507500.0,1410,25110,Waterloo,Waterloo
735000.0,1170,21017,Watermaal-Bosvoorde,Watermael-Boitsfort
375000.0,1300,25112,Waver,Wavre
375000.0,1301,25112,Waver,Wavre
207500.0,4840,63084,Welkenraedt,Welkenraedt
207500.0,4841,63084,Welkenraedt,Welkenraedt
305000.0,3830,73098,Wellen,Wellen
305000.0,3831,73098,Wellen,Wellen
305000.0,3832,73098,Wellen,Wellen
482500.0,1780,23102,Wemmel,Wemmel
240000.0,8940,33029,Wervik,Wervik
302000.0,2260,13049,Westerlo,Westerlo
269500.0,9230,42025,Wetteren,Wetteren
230000.0,8560,34041,Wevelgem,Wevelgem
625000.0,1970,23103,Wezembeek-Oppem,Wezembeek-Oppem
320000.0,9260,42026,Wichelen,Wichelen
275000.0,8710,37017,Wielsbeke,Wielsbeke
355000.0,2110,11050,Wijnegem,Wijnegem
282500.0,2830,12040,Willebroek,Willebroek
312500.0,8750,37018,Wingene,Wingene
725000.0,1200,21018,Sint-Lambrechts-Woluwe,Woluwe-Saint-Lambert
773000.0,1150,21019,Sint-Pieters-Woluwe,Woluwe-Saint-Pierre
477500.0,2160,11052,Wommelgem,Wommelgem
360000.0,9790,45061,Wortegem-Petegem,Wortegem-Petegem
390000.0,2990,11053,Wuustwezel,Wuustwezel
263500.0,8900,33011,Ieper,Ypres
263500.0,8902,33011,Ieper,Ypres
263500.0,8904,33011,Ieper,Ypres
263500.0,8906,33011,Ieper,Ypres
263500.0,8908,33011,Ieper,Ypres
220000.0,5530,91141,Yvoir,Yvoir
450000.0,2240,11054,Zandhoven,Zandhoven
450000.0,2242,11054,Zandhoven,Zandhoven
450000.0,2243,11054,Zandhoven,Zandhoven
455000.0,1930,23094,Zaventem,Zaventem
455000.0,1932,23094,Zaventem,Zaventem
455000.0,1933,23094,Zaventem,Zaventem
360000.0,8210,31040,Zedelgem,Zedelgem
360000.0,8211,31040,Zedelgem,Zedelgem
330000.0,9240,42028,Zele,Zele
275000.0,9060,43018,Zelzate,Zelzate
383000.0,1804,23096,Zemst,Zemst
383000.0,1980,23096,Zemst,Zemst
383000.0,1981,23096,Zemst,Zemst
383000.0,1982,23096,Zemst,Zemst
517500.0,2980,11055,Zoersel,Zoersel
330000.0,3520,71066,Zonhoven,Zonhoven
267000.0,8980,33037,Zonnebeke,Zonnebeke
297500.0,9620,41081,Zottegem,Zottegem
355000.0,8377,31042,Zuienkerke,Zuienkerke
335500.0,9870,44081,Zulte,Zulte
171500.0,3690,71067,Zutendaal,Zutendaal
261000.0,8550,34042,Zwevegem,Zwevegem
261000.0,8551,34042,Zwevegem,Zwevegem
261000.0,8552,34042,Zwevegem,Zwevegem
261000.0,8553,34042,Zwevegem,Zwevegem
261000.0,8554,34042,Zwevegem,Zwevegem
315000.0,2070,11056,Zwijndrecht,Zwijndrecht
360000.0,9880,44084,Aalter,Aalter
360000.0,9881,44084,Aalter,Aalter
360000.0,9910,44084,Aalter,Aalter
295000.0,3200,24001,Aarschot,Aarschot
295000.0,3201,24001,Aarschot,Aarschot
295000.0,3202,24001,Aarschot,Aarschot
455000.0,2630,11001,Aartselaar,Aartselaar
309000.0,1790,23105,Affligem,Affligem
210000.0,6250,52074,Aiseau-Presles,Aiseau-Presles
287500.0,3570,73001,Alken,Alken
213750.0,8690,38002,Alveringem,Alveringem
213750.0,8691,38002,Alveringem,Alveringem
219000.0,4540,61003,Amay,Amay
209000.0,5300,92003,Andenne,Andenne
327000.0,1070,21001,Anderlecht,Anderlecht
185000.0,6150,56001,Anderlues,Anderlues
215000.0,5537,91005,Anhee,Anhee
200000.0,4430,62003,Ans,Ans
200000.0,4431,62003,Ans,Ans
200000.0,4432,62003,Ans,Ans
169000.0,7640,57003,Antoing,Antoing
169000.0,7641,57003,Antoing,Antoing
169000.0,7642,57003,Antoing,Antoing
169000.0,7643,57003,Antoing,Antoing
342500.0,8570,34002,Anzegem,Anzegem
342500.0,8572,34002,Anzegem,Anzegem
342500.0,8573,34002,Anzegem,Anzegem
289000.0,8850,37020,Ardooie,Ardooie
289000.0,8851,37020,Ardooie,Ardooie
292500.0,2370,13001,Arendonk,Arendonk
225000.0,3665,71002,As,As
225000.0,3668,71002,As,As
410000.0,1730,23002,Asse,Asse
410000.0,1731,23002,Asse,Asse
305000.0,9960,43002,Assenede,Assenede
305000.0,9961,43002,Assenede,Assenede
305000.0,9968,43002,Assenede,Assenede
200000.0,5330,92006,Assesse,Assesse
200000.0,5332,92006,Assesse,Assesse
200000.0,5333,92006,Assesse,Assesse
200000.0,5334,92006,Assesse,Assesse
200000.0,5336,92006,Assesse,Assesse
300000.0,6790,81004,Aubange,Aubange
300000.0,6791,81004,Aubange,Aubange
300000.0,6792,81004,Aubange,Aubange
265000.0,8580,34003,Avelgem,Avelgem
265000.0,8581,34003,Avelgem,Avelgem
265000.0,8582,34003,Avelgem,Avelgem
265000.0,8583,34003,Avelgem,Avelgem
220000.0,4340,62006,Awans,Awans
220000.0,4342,62006,Awans,Awans
210000.0,4920,62009,Aywaille,Aywaille
297500.0,2490,13003,Balen,Balen
297500.0,2491,13003,Balen,Balen
152500.0,6500,56005,Beaumont,Beaumont
152500.0,6511,56005,Beaumont,Beaumont
180500.0,5570,91013,Beauraing,Beauraing
180500.0,5571,91013,Beauraing,Beauraing
180500.0,5572,91013,Beauraing,Beauraing
180500.0,5573,91013,Beauraing,Beauraing
180500.0,5574,91013,Beauraing,Beauraing
180500.0,5576,91013,Beauraing,Beauraing
345000.0,8730,31003,Beernem,Beernem
392500.0,2340,13004,Beerse,Beerse
417500.0,1650,23003,Beersel,Beersel
417500.0,1651,23003,Beersel,Beersel
417500.0,1652,23003,Beersel,Beersel
417500.0,1653,23003,Beersel,Beersel
417500.0,1654,23003,Beersel,Beersel
392500.0,3130,24007,Begijnendijk,Begijnendijk
357001.5,3460,24008,Bekkevoort,Bekkevoort
357001.5,3461,24008,Bekkevoort,Bekkevoort
150000.0,7970,51008,Beloeil,Beloeil
150000.0,7971,51008,Beloeil,Beloeil
150000.0,7972,51008,Beloeil,Beloeil
150000.0,7973,51008,Beloeil,Beloeil
275000.0,3580,71004,Beringen,Beringen
275000.0,3581,71004,Beringen,Beringen
275000.0,3582,71004,Beringen,Beringen
275000.0,3583,71004,Beringen,Beringen
260000.0,2590,12002,Berlaar,Berlaar
320000.0,9290,42003,Berlare,Berlare
185000.0,4257,64008,Berloz,Berloz
172500.0,7320,51009,Bernissart,Bernissart
172500.0,7321,51009,Bernissart,Bernissart
172500.0,7322,51009,Bernissart,Bernissart
420000.0,3060,24009,Bertem,Bertem
420000.0,3061,24009,Bertem,Bertem
161500.0,6880,84009,Bertrix,Bertrix
296000.0,9120,46003,Beveren,Beveren
296000.0,9130,46003,Beveren,Beveren
218500.0,4610,62015,Beyne-Heusay,Beyne-Heusay
459500.0,3360,24011,Bierbeek,Bierbeek
275000.0,3740,73006,Bilzen,Bilzen
275000.0,3742,73006,Bilzen,Bilzen
275000.0,3746,73006,Bilzen,Bilzen
165000.0,7130,58002,Binche,Binche
165000.0,7131,58002,Binche,Binche
165000.0,7133,58002,Binche,Binche
165000.0,7134,58002,Binche,Binche
337500.0,8370,31004,Blankenberge,Blankenberge
277500.0,4670,62119,Blegny,Blegny
277500.0,4671,62119,Blegny,Blegny
277500.0,4672,62119,Blegny,Blegny
262500.0,3950,72003,Bocholt,Bocholt
342900.0,2530,11004,Boechout,Boechout
342900.0,2531,11004,Boechout,Boechout
370500.0,2820,12005,Bonheiden,Bonheiden
260000.0,2850,11005,Boom,Boom
438000.0,3190,24014,Boortmeerbeek,Boortmeerbeek
438000.0,3191,24014,Boortmeerbeek,Boortmeerbeek
335000.0,2880,12007,Bornem,Bornem
392500.0,2150,11007,Borsbeek,Borsbeek
185000.0,6830,84010,Bouillon,Bouillon
185000.0,6831,84010,Bouillon,Bouillon
185000.0,6832,84010,Bouillon,Bouillon
185000.0,6833,84010,Bouillon,Bouillon
185000.0,6834,84010,Bouillon,Bouillon
185000.0,6836,84010,Bouillon,Bouillon
185000.0,6838,84010,Bouillon,Bouillon
127500.0,7300,53014,Boussu,Boussu
127500.0,7301,53014,Boussu,Boussu
335000.0,3370,24016,Boutersem,Boutersem
208750.0,4260,64015,Braives,Braives
208750.0,4261,64015,Braives,Braives
208750.0,4263,64015,Braives,Braives
264500.0,9660,45059,Brakel,Brakel
264500.0,9661,45059,Brakel,Brakel
490000.0,2930,11008,Brasschaat,Brasschaat
395000.0,2960,11009,Brecht,Brecht
274000.0,8450,35002,Bredene,Bredene
249000.0,3960,72004,Bree,Bree
180000.0,7940,51012,Brugelette,Brugelette
180000.0,7941,51012,Brugelette,Brugelette
180000.0,7942,51012,Brugelette,Brugelette
180000.0,7943,51012,Brugelette,Brugelette
190000.0,7620,57093,Brunehaut,Brunehaut
190000.0,7621,57093,Brunehaut,Brunehaut
190000.0,7622,57093,Brunehaut,Brunehaut
190000.0,7623,57093,Brunehaut,Brunehaut
190000.0,7624,57093,Brunehaut,Brunehaut
265000.0,9255,42004,Buggenhout,Buggenhout
219500.0,7760,57018,Celles,Celles
150000.0,5630,93010,Cerfontaine,Cerfontaine
170000.0,7160,52010,Chapelle-Lez-Herlaimont,Chapelle-Lez-Herlaimont
149000.0,6000,52011,Charleroi,Charleroi
149000.0,6001,52011,Charleroi,Charleroi
149000.0,6010,52011,Charleroi,Charleroi
149000.0,6020,52011,Charleroi,Charleroi
149000.0,6030,52011,Charleroi,Charleroi
149000.0,6031,52011,Charleroi,Charleroi
149000.0,6032,52011,Charleroi,Charleroi
149000.0,6040,52011,Charleroi,Charleroi
149000.0,6041,52011,Charleroi,Charleroi
149000.0,6042,52011,Charleroi,Charleroi
149000.0,6043,52011,Charleroi,Charleroi
149000.0,6044,52011,Charleroi,Charleroi
149000.0,6060,52011,Charleroi,Charleroi
149000.0,6061,52011,Charleroi,Charleroi
337500.0,1450,25117,Chastre,Chastre
160000.0,6200,52012,Chatelet,Chatelet
235000.0,4050,62022,Chaudfontaine,Chaudfontaine
235000.0,4051,62022,Chaudfontaine,Chaudfontaine
235000.0,4052,62022,Chaudfontaine,Chaudfontaine
235000.0,4053,62022,Chaudfontaine,Chaudfontaine
475000.0,1325,25018,Chaumont-Gistoux,Chaumont-Gistoux
195000.0,7950,51014,Chievres,Chievres
195000.0,7951,51014,Chievres,Chievres
137500.0,6460,56016,Chimay,Chimay
137500.0,6461,56016,Chimay,Chimay
137500.0,6462,56016,Chimay,Chimay
137500.0,6463,56016,Chimay,Chimay
137500.0,6464,56016,Chimay,Chimay
153000.0,6810,85007,Chiny,Chiny
153000.0,6811,85007,Chiny,Chiny
153000.0,6812,85007,Chiny,Chiny
153000.0,6813,85007,Chiny,Chiny
250000.0,5590,91030,Ciney,Ciney
180000.0,4560,61012,Clavier,Clavier
122500.0,7340,53082,Colfontaine,Colfontaine
185000.0,4170,62026,Comblain-Au-Pont,Comblain-Au-Pont
185000.0,4171,62026,Comblain-Au-Pont,Comblain-Au-Pont
164000.0,6180,52015,Courcelles,Courcelles
164000.0,6181,52015,Courcelles,Courcelles
164000.0,6182,52015,Courcelles,Courcelles
164000.0,6183,52015,Courcelles,Courcelles
295000.0,1490,25023,Court-Saint-Etienne,Court-Saint-Etienne
125000.0,5660,93014,Couvin,Couvin
212500.0,4606,62027,Dalhem,Dalhem
212500.0,4607,62027,Dalhem,Dalhem
212500.0,4608,62027,Dalhem,Dalhem
410000.0,8340,31006,Damme,Damme
280000.0,8420,35029,De Haan,De Haan
280000.0,8421,35029,De Haan,De Haan
548000.0,9840,44012,De Pinte,De Pinte
261000.0,8540,34009,Deerlijk,Deerlijk
389500.0,9800,44083,Deinze,Deinze
389500.0,9850,44083,Deinze,Deinze
287500.0,9470,41011,Denderleeuw,Denderleeuw
287500.0,9472,41011,Denderleeuw,Denderleeuw
287500.0,9473,41011,Denderleeuw,Denderleeuw
292500.0,8720,37002,Dentergem,Dentergem
300000.0,2480,13006,Dessel,Dessel
389000.0,9070,44013,Destelbergen,Destelbergen
310000.0,3590,71011,Diepenbeek,Diepenbeek
320750.0,3290,24020,Diest,Diest
320750.0,3293,24020,Diest,Diest
320750.0,3294,24020,Diest,Diest
410000.0,1700,23016,Dilbeek,Dilbeek
410000.0,1701,23016,Dilbeek,Dilbeek
410000.0,1702,23016,Dilbeek,Dilbeek
410000.0,1703,23016,Dilbeek,Dilbeek
260000.0,3650,72041,Dilsen-Stokkem,Dilsen-Stokkem
168000.0,5500,91034,Dinant,Dinant
168000.0,5501,91034,Dinant,Dinant
168000.0,5502,91034,Dinant,Dinant
168000.0,5503,91034,Dinant,Dinant
168000.0,5504,91034,Dinant,Dinant
149000.0,4820,63020,Dison,Dison
149000.0,4821,63020,Dison,Dison
132000.0,7370,53020,Dour,Dour
375000.0,1620,23098,Drogenbos,Drogenbos
342500.0,2570,12009,Duffel,Duffel
213000.0,6940,83012,Durbuy,Durbuy
213000.0,6941,83012,Durbuy,Durbuy
208500.0,7190,55050,Ecaussinnes,Ecaussinnes
208500.0,7191,55050,Ecaussinnes,Ecaussinnes
460684.0,2650,11013,Edegem,Edegem
251500.0,9900,43005,Eeklo,Eeklo
283500.0,5310,92035,Eghezee,Eghezee
170000.0,4480,61080,Engis,Engis
230000.0,6997,83013,Erezee,Erezee
300000.0,9420,41082,Erpe-Mere,Erpe-Mere
135000.0,6560,56022,Erquelinnes,Erquelinnes
228000.0,4130,62032,Esneux,Esneux
345000.0,2910,11016,Essen,Essen
210000.0,7730,57027,Estaimpuis,Estaimpuis
200000.0,7120,58003,Estinnes,Estinnes
661000.0,1040,21005,Etterbeek,Etterbeek
240000.0,4700,63023,Eupen,Eupen
240000.0,4701,63023,Eupen,Eupen
390000.0,1140,21006,Evere,Evere
352500.0,9940,44019,Evergem,Evergem
155000.0,6240,52018,Farciennes,Farciennes
244500.0,5380,92138,Fernelmont,Fernelmont
225000.0,4190,61019,Ferrieres,Ferrieres
192500.0,4400,62120,Flemalle,Flemalle
240750.0,4620,62038,Fleron,Fleron
240750.0,4621,62038,Fleron,Fleron
240750.0,4623,62038,Fleron,Fleron
240750.0,4624,62038,Fleron,Fleron
193000.0,6220,52021,Fleurus,Fleurus
193000.0,6221,52021,Fleurus,Fleurus
193000.0,6222,52021,Fleurus,Fleurus
193000.0,6223,52021,Fleurus,Fleurus
193000.0,6224,52021,Fleurus,Fleurus
300000.0,5150,92045,Floreffe,Floreffe
185000.0,5620,93022,Florennes,Florennes
185000.0,5621,93022,Florennes,Florennes
180000.0,6820,85011,Florenville,Florenville
180000.0,6821,85011,Florenville,Florenville
180000.0,6823,85011,Florenville,Florenville
180000.0,6824,85011,Florenville,Florenville
159000.0,6140,52022,Fontaine-L'Eveque,Fontaine-L'Eveque
159000.0,6141,52022,Fontaine-L'Eveque,Fontaine-L'Eveque
159000.0,6142,52022,Fontaine-L'Eveque,Fontaine-L'Eveque
200000.0,5070,92048,Fosses-La-Ville,Fosses-La-Ville
125000.0,7080,53028,Frameries,Frameries
250000.0,7910,51065,Frasnes-Lez-Anvaing,Frasnes-Lez-Anvaing
250000.0,7911,51065,Frasnes-Lez-Anvaing,Frasnes-Lez-Anvaing
250000.0,7912,51065,Frasnes-Lez-Anvaing,Frasnes-Lez-Anvaing
128500.0,6440,56029,Froidchapelle,Froidchapelle
128500.0,6441,56029,Froidchapelle,Froidchapelle
365000.0,1083,21008,Ganshoren,Ganshoren
390000.0,9890,44020,Gavere,Gavere
167000.0,5575,91054,Gedinne,Gedinne
329500.0,2440,13008,Geel,Geel
254500.0,3450,24028,Geetbets,Geetbets
254500.0,3454,24028,Geetbets,Geetbets
282500.0,5030,92142,Gembloux,Gembloux
282500.0,5031,92142,Gembloux,Gembloux
282500.0,5032,92142,Gembloux,Gembloux
259750.0,3600,71016,Genk,Genk
285000.0,6280,52025,Gerpinnes,Gerpinnes
225000.0,5340,92054,Gesves,Gesves
274500.0,3890,71017,Gingelom,Gingelom
274500.0,3891,71017,Gingelom,Gingelom
344000.0,8470,35005,Gistel,Gistel
346000.0,3380,24137,Glabbeek,Glabbeek
346000.0,3381,24137,Glabbeek,Glabbeek
346000.0,3384,24137,Glabbeek,Glabbeek
325275.0,1755,23024,Gooik,Gooik
189000.0,6670,82037,Gouvy,Gouvy
189000.0,6671,82037,Gouvy,Gouvy
189000.0,6672,82037,Gouvy,Gouvy
189000.0,6673,82037,Gouvy,Gouvy
189000.0,6674,82037,Gouvy,Gouvy
192500.0,4460,62118,Grace-Hollogne,Grace-Hollogne
399000.0,1850,23025,Grimbergen,Grimbergen
399000.0,1851,23025,Grimbergen,Grimbergen
399000.0,1852,23025,Grimbergen,Grimbergen
399000.0,1853,23025,Grimbergen,Grimbergen
385000.0,2280,13010,Grobbendonk,Grobbendonk
385000.0,2288,13010,Grobbendonk,Grobbendonk
339000.0,3150,24033,Haacht,Haacht
327725.0,9450,41024,Haaltert,Haaltert
327725.0,9451,41024,Haaltert,Haaltert
315000.0,6720,85046,Habay,Habay
315000.0,6721,85046,Habay,Habay
315000.0,6723,85046,Habay,Habay
315000.0,6724,85046,Habay,Habay
280000.0,3545,71020,Halen,Halen
265000.0,3945,71069,Ham,Ham
243750.0,6120,56086,Ham-Sur-Heure-Nalinnes,Ham-Sur-Heure-Nalinnes
269250.0,9220,42008,Hamme,Hamme
285000.0,5360,91059,Hamois,Hamois
285000.0,5361,91059,Hamois,Hamois
285000.0,5362,91059,Hamois,Hamois
285000.0,5363,91059,Hamois,Hamois
285000.0,5364,91059,Hamois,Hamois
295000.0,3930,72037,Hamont-Achel,Hamont-Achel
268000.0,8530,34013,Harelbeke,Harelbeke
268000.0,8531,34013,Harelbeke,Harelbeke
313750.0,3500,71022,Hasselt,Hasselt
313750.0,3501,71022,Hasselt,Hasselt
313750.0,3510,71022,Hasselt,Hasselt
313750.0,3511,71022,Hasselt,Hasselt
313750.0,3512,71022,Hasselt,Hasselt
110000.0,5540,91142,Hastiere,Hastiere
110000.0,5541,91142,Hastiere,Hastiere
110000.0,5542,91142,Hastiere,Hastiere
110000.0,5543,91142,Hastiere,Hastiere
110000.0,5544,91142,Hastiere,Hastiere
312000.0,3940,72038,Hechtel-Eksel,Hechtel-Eksel
312000.0,3941,72038,Hechtel-Eksel,Hechtel-Eksel
232500.0,3870,73022,Heers,Heers
350000.0,2220,12014,Heist-Op-Den-Berg,Heist-Op-Den-Berg
350000.0,2221,12014,Heist-Op-Den-Berg,Heist-Op-Den-Berg
350000.0,2222,12014,Heist-Op-Den-Berg,Heist-Op-Den-Berg
350000.0,2223,12014,Heist-Op-Den-Berg,Heist-Op-Den-Berg
308750.0,2620,11018,Hemiksem,Hemiksem
126500.0,7350,53039,Hensies,Hensies
113750.0,6887,84029,Herbeumont,Herbeumont
456281.0,3020,24038,Herent,Herent
299000.0,2200,13011,Herentals,Herentals
300000.0,2270,13012,Herenthout,Herenthout
370000.0,1540,23032,Herne,Herne
370000.0,1541,23032,Herne,Herne
290000.0,4217,61028,Heron,Heron
290000.0,4218,61028,Heron,Heron
305000.0,2230,13013,Herselt,Herselt
170000.0,4040,62051,Herstal,Herstal
170000.0,4041,62051,Herstal,Herstal
170000.0,4042,62051,Herstal,Herstal
270000.0,4650,63035,Herve,Herve
270000.0,4651,63035,Herve,Herve
270000.0,4652,63035,Herve,Herve
270000.0,4653,63035,Herve,Herve
270000.0,4654,63035,Herve,Herve
343500.0,9550,41027,Herzele,Herzele
343500.0,9551,41027,Herzele,Herzele
343500.0,9552,41027,Herzele,Herzele
292500.0,3550,71070,Heusden-Zolder,Heusden-Zolder
242500.0,8950,33039,Heuvelland,Heuvelland
242500.0,8951,33039,Heuvelland,Heuvelland
242500.0,8952,33039,Heuvelland,Heuvelland
242500.0,8953,33039,Heuvelland,Heuvelland
242500.0,8954,33039,Heuvelland,Heuvelland
242500.0,8956,33039,Heuvelland,Heuvelland
242500.0,8958,33039,Heuvelland,Heuvelland
270000.0,3320,24041,Hoegaarden,Hoegaarden
270000.0,3321,24041,Hoegaarden,Hoegaarden
515000.0,1560,23033,Hoeilaart,Hoeilaart
250000.0,3730,73032,Hoeselt,Hoeselt
250000.0,3732,73032,Hoeselt,Hoeselt
375000.0,3220,24043,Holsbeek,Holsbeek
375000.0,3221,24043,Holsbeek,Holsbeek
210000.0,7387,53083,Honnelles,Honnelles
285000.0,8830,36006,Hooglede,Hooglede
435000.0,2320,13014,Hoogstraten,Hoogstraten
435000.0,2321,13014,Hoogstraten,Hoogstraten
435000.0,2322,13014,Hoogstraten,Hoogstraten
435000.0,2323,13014,Hoogstraten,Hoogstraten
435000.0,2328,13014,Hoogstraten,Hoogstraten
185000.0,6990,83028,Hotton,Hotton
238000.0,6660,82014,Houffalize,Houffalize
238000.0,6661,82014,Houffalize,Houffalize
238000.0,6662,82014,Houffalize,Houffalize
238000.0,6663,82014,Houffalize,Houffalize
238000.0,6666,82014,Houffalize,Houffalize
265750.0,3530,72039,Houthalen-Helchteren,Houthalen-Helchteren
280000.0,8650,32006,Houthulst,Houthulst
149500.0,5560,91072,Houyet,Houyet
149500.0,5561,91072,Houyet,Houyet
149500.0,5562,91072,Houyet,Houyet
149500.0,5563,91072,Houyet,Houyet
149500.0,5564,91072,Houyet,Houyet
612950.0,2540,11021,Hove,Hove
400000.0,3040,24045,Huldenberg,Huldenberg
363200.0,2235,13016,Hulshout,Hulshout
290000.0,8480,35006,Ichtegem,Ichtegem
385000.0,1315,25043,Incourt,Incourt
249000.0,8770,36007,Ingelmunster,Ingelmunster
243000.0,8870,36008,Izegem,Izegem
330000.0,8490,31012,Jabbeke,Jabbeke
340000.0,4845,63038,Jalhay,Jalhay
239500.0,5190,92140,Jemeppe-Sur-Sambre,Jemeppe-Sur-Sambre
420000.0,1090,21010,Jette,Jette
285000.0,4450,62060,Juprelle,Juprelle
285000.0,4451,62060,Juprelle,Juprelle
285000.0,4452,62060,Juprelle,Juprelle
285000.0,4453,62060,Juprelle,Juprelle
285000.0,4458,62060,Juprelle,Juprelle
433500.0,2920,11022,Kalmthout,Kalmthout
380000.0,1910,23038,Kampenhout,Kampenhout
375000.0,1880,23039,Kapelle-Op-Den-Bos,Kapelle-Op-Den-Bos
382500.0,2950,11023,Kapellen,Kapellen
356000.0,9970,43007,Kaprijke,Kaprijke
356000.0,9971,43007,Kaprijke,Kaprijke
375000.0,2460,13017,Kasterlee,Kasterlee
425000.0,3140,24048,Keerbergen,Keerbergen
262500.0,3640,72018,Kinrooi,Kinrooi
282500.0,9690,45060,Kluisbergen,Kluisbergen
750000.0,8300,31043,Knokke-Heist,Knokke-Heist
750000.0,8301,31043,Knokke-Heist,Knokke-Heist
290000.0,8680,32010,Koekelare,Koekelare
325000.0,8670,38014,Koksijde,Koksijde
410000.0,2550,11024,Kontich,Kontich
265000.0,8610,32011,Kortemark,Kortemark
350000.0,3470,24054,Kortenaken,Kortenaken
350000.0,3471,24054,Kortenaken,Kortenaken
350000.0,3472,24054,Kortenaken,Kortenaken
350000.0,3473,24054,Kortenaken,Kortenaken
390000.0,3070,24055,Kortenberg,Kortenberg
390000.0,3071,24055,Kortenberg,Kortenberg
390000.0,3078,24055,Kortenberg,Kortenberg
253350.0,3720,73040,Kortessem,Kortessem
253350.0,3721,73040,Kortessem,Kortessem
253350.0,3722,73040,Kortessem,Kortessem
253350.0,3723,73040,Kortessem,Kortessem
253350.0,3724,73040,Kortessem,Kortessem
588000.0,1950,23099,Kraainem,Kraainem
350000.0,9150,46013,Kruibeke,Kruibeke
380000.0,9750,45068,Kruisem,Kruisem
380000.0,9770,45068,Kruisem,Kruisem
380000.0,9771,45068,Kruisem,Kruisem
380000.0,9772,45068,Kruisem,Kruisem
249500.0,8520,34023,Kuurne,Kuurne
320000.0,5080,92141,La Bruyere,La Bruyere
320000.0,5081,92141,La Bruyere,La Bruyere
170000.0,7100,58001,La Louviere,La Louviere
170000.0,7110,58001,La Louviere,La Louviere
197500.0,6980,83031,La Roche-En-Ardenne,La Roche-En-Ardenne
197500.0,6982,83031,La Roche-En-Ardenne,La Roche-En-Ardenne
197500.0,6983,83031,La Roche-En-Ardenne,La Roche-En-Ardenne
197500.0,6984,83031,La Roche-En-Ardenne,La Roche-En-Ardenne
197500.0,6986,83031,La Roche-En-Ardenne,La Roche-En-Ardenne
267500.0,2430,13053,Laakdal,Laakdal
267500.0,2431,13053,Laakdal,Laakdal
415000.0,9270,42010,Laarne,Laarne
290000.0,3620,73042,Lanaken,Lanaken
290000.0,3621,73042,Lanaken,Lanaken
235100.0,3400,24059,Landen,Landen
235100.0,3401,24059,Landen,Landen
235100.0,3404,24059,Landen,Landen
220250.0,8920,33040,Langemark-Poelkapelle,Langemark-Poelkapelle
695000.0,1380,25119,Lasne,Lasne
225000.0,7070,55035,Le Roeulx,Le Roeulx
296500.0,9280,42011,Lebbeke,Lebbeke
297000.0,9340,41034,Lede,Lede
270000.0,8880,36010,Ledegem,Ledegem
269000.0,8860,34025,Lendelede,Lendelede
497500.0,1750,23104,Lennik,Lennik
245000.0,6210,52075,Les Bons Villers,Les Bons Villers
245000.0,6211,52075,Les Bons Villers,Les Bons Villers
200000.0,7900,57094,Leuze-En-Hainaut,Leuze-En-Hainaut
200000.0,7901,57094,Leuze-En-Hainaut,Leuze-En-Hainaut
200000.0,7903,57094,Leuze-En-Hainaut,Leuze-En-Hainaut
200000.0,7904,57094,Leuze-En-Hainaut,Leuze-En-Hainaut
200000.0,7906,57094,Leuze-En-Hainaut,Leuze-En-Hainaut
135000.0,6890,84035,Libin,Libin
307500.0,6800,84077,Libramont-Chevigny,Libramont-Chevigny
305000.0,8810,36011,Lichtervelde,Lichtervelde
297000.0,1770,23044,Liedekerke,Liedekerke
285000.0,9570,45063,Lierde,Lierde
285000.0,9571,45063,Lierde,Lierde
285000.0,9572,45063,Lierde,Lierde
350027.5,9920,44085,Lievegem,Lievegem
350027.5,9921,44085,Lievegem,Lievegem
350027.5,9930,44085,Lievegem,Lievegem
350027.5,9931,44085,Lievegem,Lievegem
350027.5,9932,44085,Lievegem,Lievegem
350027.5,9950,44085,Lievegem,Lievegem
351000.0,2275,13019,Lille,Lille
400000.0,1630,23100,Linkebeek,Linkebeek
458000.0,2547,11025,Lint,Lint
240000.0,3350,24133,Linter,Linter
175300.0,8647,32030,Lo-Reninge,Lo-Reninge
160000.0,6540,56044,Lobbes,Lobbes
160000.0,6542,56044,Lobbes,Lobbes
160000.0,6543,56044,Lobbes,Lobbes
457000.0,9080,44034,Lochristi,Lochristi
300000.0,9160,46014,Lokeren,Lokeren
299000.0,3920,72020,Lommel,Lommel
357500.0,1840,23045,Londerzeel,Londerzeel
408000.0,3210,24066,Lubbeek,Lubbeek
408000.0,3211,24066,Lubbeek,Lubbeek
408000.0,3212,24066,Lubbeek,Lubbeek
280000.0,3560,71037,Lummen,Lummen
275000.0,9680,45064,Maarkedal,Maarkedal
275000.0,9681,45064,Maarkedal,Maarkedal
275000.0,9688,45064,Maarkedal,Maarkedal
320000.0,3680,72021,Maaseik,Maaseik
252500.0,3630,73107,Maasmechelen,Maasmechelen
252500.0,3631,73107,Maasmechelen,Maasmechelen
350000.0,1830,23047,Machelen,Machelen
350000.0,1831,23047,Machelen,Machelen
350000.0,1931,23047,Machelen,Machelen
328010.0,9990,43010,Maldegem,Maldegem
328010.0,9991,43010,Maldegem,Maldegem
328010.0,9992,43010,Maldegem,Maldegem
417000.0,2390,11057,Malle,Malle
212500.0,4960,63049,Malmedy,Malmedy
170000.0,7170,55086,Manage,Manage
280000.0,6900,83034,Marche-En-Famenne,Marche-En-Famenne
237500.0,4570,61039,Marchin,Marchin
261000.0,2450,13021,Meerhout,Meerhout
432762.0,1860,23050,Meise,Meise
432762.0,1861,23050,Meise,Meise
390000.0,9090,44040,Melle,Melle
153750.0,6567,56049,Merbes-Le-Chateau,Merbes-Le-Chateau
365000.0,1785,23052,Merchtem,Merchtem
379000.0,9820,44043,Merelbeke,Merelbeke
377500.0,2330,13023,Merksplas,Merksplas
310000.0,6780,81015,Messancy,Messancy
310000.0,6781,81015,Messancy,Messancy
310000.0,6782,81015,Messancy,Messancy
249000.0,5640,92087,Mettet,Mettet
249000.0,5641,92087,Mettet,Mettet
249000.0,5644,92087,Mettet,Mettet
249000.0,5646,92087,Mettet,Mettet
260000.0,8760,37007,Meulebeke,Meulebeke
246000.0,8430,35011,Middelkerke,Middelkerke
246000.0,8431,35011,Middelkerke,Middelkerke
246000.0,8432,35011,Middelkerke,Middelkerke
246000.0,8433,35011,Middelkerke,Middelkerke
246000.0,8434,35011,Middelkerke,Middelkerke
297500.0,9180,44045,Moerbeke,Moerbeke
293300.0,2400,13025,Mol,Mol
112500.0,6590,56051,Momignies,Momignies
112500.0,6591,56051,Momignies,Momignies
112500.0,6592,56051,Momignies,Momignies
112500.0,6593,56051,Momignies,Momignies
112500.0,6594,56051,Momignies,Momignies
112500.0,6596,56051,Momignies,Momignies
235000.0,7750,57095,Mont-De-L'Enclus,Mont-De-L'Enclus
330000.0,1435,25068,Mont-Saint-Guibert,Mont-Saint-Guibert
252500.0,6110,52048,Montigny-Le-Tilleul,Montigny-Le-Tilleul
252500.0,6111,52048,Montigny-Le-Tilleul,Montigny-Le-Tilleul
247500.0,8890,36012,Moorslede,Moorslede
190000.0,7140,58004,Morlanwelz,Morlanwelz
190000.0,7141,58004,Morlanwelz,Morlanwelz
423000.0,2640,11029,Mortsel,Mortsel
185000.0,6750,85026,Musson,Musson
310000.0,4550,61043,Nandrin,Nandrin
157500.0,6950,83040,Nassogne,Nassogne
157500.0,6951,83040,Nassogne,Nassogne
157500.0,6952,83040,Nassogne,Nassogne
157500.0,6953,83040,Nassogne,Nassogne
372000.0,9810,44048,Nazareth,Nazareth
184000.0,6840,84043,Neufchateau,Neufchateau
345000.0,4120,62121,Neupre,Neupre
345000.0,4121,62121,Neupre,Neupre
345000.0,4122,62121,Neupre,Neupre
260000.0,2845,11030,Niel,Niel
207500.0,3850,71045,Nieuwerkerken,Nieuwerkerken
335000.0,2560,12026,Nijlen,Nijlen
297000.0,9400,41048,Ninove,Ninove
297000.0,9401,41048,Ninove,Ninove
297000.0,9402,41048,Ninove,Ninove
297000.0,9403,41048,Ninove,Ninove
297000.0,9404,41048,Ninove,Ninove
297000.0,9406,41048,Ninove,Ninove
177500.0,5350,92097,Ohey,Ohey
177500.0,5351,92097,Ohey,Ohey
177500.0,5352,92097,Ohey,Ohey
177500.0,5353,92097,Ohey,Ohey
177500.0,5354,92097,Ohey,Ohey
304000.0,2250,13029,Olen,Olen
375000.0,9860,44052,Oosterzele,Oosterzele
360000.0,8020,31022,Oostkamp,Oostkamp
297500.0,8780,37010,Oostrozebeke,Oostrozebeke
360000.0,1745,23060,Opwijk,Opwijk
262000.0,1350,25120,Orp-Jauche,Orp-Jauche
392500.0,1340,25121,Ottignies-Louvain-La-Neuve,Ottignies-Louvain-La-Neuve
392500.0,1341,25121,Ottignies-Louvain-La-Neuve,Ottignies-Louvain-La-Neuve
392500.0,1342,25121,Ottignies-Louvain-La-Neuve,Ottignies-Louvain-La-Neuve
392500.0,1348,25121,Ottignies-Louvain-La-Neuve,Ottignies-Louvain-La-Neuve
494614.5,3050,24086,Oud-Heverlee,Oud-Heverlee
494614.5,3051,24086,Oud-Heverlee,Oud-Heverlee
494614.5,3052,24086,Oud-Heverlee,Oud-Heverlee
494614.5,3053,24086,Oud-Heverlee,Oud-Heverlee
494614.5,3054,24086,Oud-Heverlee,Oud-Heverlee
379000.0,2360,13031,Oud-Turnhout,Oud-Turnhout
266000.0,8460,35014,Oudenburg,Oudenburg
310000.0,3660,72042,Oudsbergen,Oudsbergen
310000.0,3670,72042,Oudsbergen,Oudsbergen
222500.0,4680,62079,Oupeye,Oupeye
222500.0,4681,62079,Oupeye,Oupeye
222500.0,4682,62079,Oupeye,Oupeye
222500.0,4683,62079,Oupeye,Oupeye
222500.0,4684,62079,Oupeye,Oupeye
507500.0,3090,23062,Overijse,Overijse
271500.0,7740,57062,Pecq,Pecq
271500.0,7742,57062,Pecq,Pecq
271500.0,7743,57062,Pecq,Pecq
234500.0,3990,72030,Peer,Peer
297750.0,3900,72043,Pelt,Pelt
297750.0,3910,72043,Pelt,Pelt
336500.0,1670,23064,Pepingen,Pepingen
336500.0,1671,23064,Pepingen,Pepingen
336500.0,1673,23064,Pepingen,Pepingen
336500.0,1674,23064,Pepingen,Pepingen
137500.0,4860,63058,Pepinster,Pepinster
137500.0,4861,63058,Pepinster,Pepinster
177500.0,7600,57064,Peruwelz,Peruwelz
177500.0,7601,57064,Peruwelz,Peruwelz
177500.0,7602,57064,Peruwelz,Peruwelz
177500.0,7603,57064,Peruwelz,Peruwelz
177500.0,7604,57064,Peruwelz,Peruwelz
177500.0,7608,57064,Peruwelz,Peruwelz
170000.0,5600,93056,Philippeville,Philippeville
285000.0,8740,37011,Pittem,Pittem
260000.0,4850,63088,Plombieres,Plombieres
260000.0,4851,63088,Plombieres,Plombieres
260000.0,4852,63088,Plombieres,Plombieres
215000.0,6230,52055,Pont-A-Celles,Pont-A-Celles
215000.0,6238,52055,Pont-A-Celles,Pont-A-Celles
235000.0,8970,33021,Poperinge,Poperinge
235000.0,8972,33021,Poperinge,Poperinge
235000.0,8978,33021,Poperinge,Poperinge
306000.0,5170,92101,Profondeville,Profondeville
335000.0,2580,12029,Putte,Putte
332500.0,2870,12041,Puurs-Sint-Amands,Puurs-Sint-Amands
332500.0,2890,12041,Puurs-Sint-Amands,Puurs-Sint-Amands
139000.0,7390,53065,Quaregnon,Quaregnon
190000.0,7040,53084,Quevy,Quevy
190000.0,7041,53084,Quevy,Quevy
149250.0,7380,53068,Quievrain,Quievrain
149250.0,7382,53068,Quievrain,Quievrain
345500.0,4730,63061,Raeren,Raeren
345500.0,4731,63061,Raeren,Raeren
280000.0,1367,25122,Ramillies,Ramillies
426250.0,2520,11035,Ranst,Ranst
397500.0,2380,13035,Ravels,Ravels
397500.0,2381,13035,Ravels,Ravels
397500.0,2382,13035,Ravels,Ravels
330000.0,1430,25123,Rebecq,Rebecq
252500.0,4350,64063,Remicourt,Remicourt
252500.0,4351,64063,Remicourt,Remicourt
125000.0,6987,83044,Rendeux,Rendeux
378500.0,2470,13036,Retie,Retie
258250.0,3770,73066,Riemst,Riemst
349000.0,2310,13037,Rijkevorsel,Rijkevorsel
505000.0,1330,25091,Rixensart,Rixensart
505000.0,1331,25091,Rixensart,Rixensart
505000.0,1332,25091,Rixensart,Rixensart
182500.0,5580,91114,Rochefort,Rochefort
375000.0,1760,23097,Roosdaal,Roosdaal
375000.0,1761,23097,Roosdaal,Roosdaal
386500.0,3110,24094,Rotselaar,Rotselaar
386500.0,3111,24094,Rotselaar,Rotselaar
386500.0,3118,24094,Rotselaar,Rotselaar
289000.0,8755,37012,Ruiselede,Ruiselede
190000.0,7610,57072,Rumes,Rumes
190000.0,7611,57072,Rumes,Rumes
190000.0,7618,57072,Rumes,Rumes
330000.0,2840,11037,Rumst,Rumst
230750.0,4470,64065,Saint-Georges-Sur-Meuse,Saint-Georges-Sur-Meuse
222500.0,7330,53070,Saint-Ghislain,Saint-Ghislain
222500.0,7331,53070,Saint-Ghislain,Saint-Ghislain
222500.0,7332,53070,Saint-Ghislain,Saint-Ghislain
222500.0,7333,53070,Saint-Ghislain,Saint-Ghislain
222500.0,7334,53070,Saint-Ghislain,Saint-Ghislain
175000.0,6870,84059,Saint-Hubert,Saint-Hubert
243750.0,4420,62093,Saint-Nicolas,Saint-Nicolas
211500.0,5060,92137,Sambreville,Sambreville
352000.0,2627,11038,Schelle,Schelle
605000.0,2970,11039,Schilde,Schilde
365000.0,2900,11040,Schoten,Schoten
225000.0,7180,55085,Seneffe,Seneffe
225000.0,7181,55085,Seneffe,Seneffe
157000.0,4100,62096,Seraing,Seraing
157000.0,4101,62096,Seraing,Seraing
157000.0,4102,62096,Seraing,Seraing
350000.0,9170,46020,Sint-Gillis-Waas,Sint-Gillis-Waas
392500.0,2860,12035,Sint-Katelijne-Waver,Sint-Katelijne-Waver
392500.0,2861,12035,Sint-Katelijne-Waver,Sint-Katelijne-Waver
302000.0,9980,43014,Sint-Laureins,Sint-Laureins
302000.0,9981,43014,Sint-Laureins,Sint-Laureins
302000.0,9982,43014,Sint-Laureins,Sint-Laureins
302000.0,9988,43014,Sint-Laureins,Sint-Laureins
315000.0,9520,41063,Sint-Lievens-Houtem,Sint-Lievens-Houtem
315000.0,9521,41063,Sint-Lievens-Houtem,Sint-Lievens-Houtem
772500.0,9830,44064,Sint-Martens-Latem,Sint-Martens-Latem
772500.0,9831,44064,Sint-Martens-Latem,Sint-Martens-Latem
355000.0,1600,23077,Sint-Pieters-Leeuw,Sint-Pieters-Leeuw
355000.0,1601,23077,Sint-Pieters-Leeuw,Sint-Pieters-Leeuw
355000.0,1602,23077,Sint-Pieters-Leeuw,Sint-Pieters-Leeuw
115000.0,6470,56088,Sivry-Rance,Sivry-Rance
225000.0,5140,92114,Sombreffe,Sombreffe
190000.0,5377,91120,Somme-Leuze,Somme-Leuze
277000.0,4630,62099,Soumagne,Soumagne
277000.0,4631,62099,Soumagne,Soumagne
277000.0,4632,62099,Soumagne,Soumagne
277000.0,4633,62099,Soumagne,Soumagne
280000.0,4900,63072,Spa,Spa
225000.0,4140,62100,Sprimont,Sprimont
225000.0,4141,62100,Sprimont,Sprimont
337000.0,2940,11044,Stabroek,Stabroek
225000.0,8840,36019,Staden,Staden
153000.0,4970,63073,Stavelot,Stavelot
455000.0,1820,23081,Steenokkerzeel,Steenokkerzeel
330000.0,9190,46024,Stekene,Stekene
94200.0,6927,84068,Tellin,Tellin
352000.0,1740,23086,Ternat,Ternat
352000.0,1741,23086,Ternat,Ternat
352000.0,1742,23086,Ternat,Ternat
585000.0,3080,24104,Tervuren,Tervuren
268500.0,3980,71057,Tessenderlo,Tessenderlo
285000.0,4910,63076,Theux,Theux
176000.0,4890,63089,Thimister-Clermont,Thimister-Clermont
180000.0,6530,56078,Thuin,Thuin
180000.0,6531,56078,Thuin,Thuin
180000.0,6532,56078,Thuin,Thuin
180000.0,6533,56078,Thuin,Thuin
180000.0,6534,56078,Thuin,Thuin
180000.0,6536,56078,Thuin,Thuin
285000.0,8700,37015,Tielt,Tielt
347500.0,3390,24135,Tielt-Winge,Tielt-Winge
347500.0,3391,24135,Tielt-Winge,Tielt-Winge
179000.0,6730,85039,Tintigny,Tintigny
325000.0,8820,31033,Torhout,Torhout
336000.0,3120,24109,Tremelo,Tremelo
336000.0,3128,24109,Tremelo,Tremelo
97000.0,4980,63086,Trois-Ponts,Trois-Ponts
97000.0,4983,63086,Trois-Ponts,Trois-Ponts
145000.0,4870,62122,Trooz,Trooz
255000.0,2300,13040,Turnhout,Turnhout
200000.0,4800,63079,Verviers,Verviers
200000.0,4801,63079,Verviers,Verviers
200000.0,4802,63079,Verviers,Verviers
200000.0,6690,82032,Vielsalm,Vielsalm
200000.0,6692,82032,Vielsalm,Vielsalm
200000.0,6698,82032,Vielsalm,Vielsalm
380000.0,1495,25107,Villers-La-Ville,Villers-La-Ville
247500.0,4530,61068,Villers-Le-Bouillet,Villers-Le-Bouillet
159500.0,5670,93090,Viroinval,Viroinval
260000.0,6760,85045,Virton,Virton
260000.0,6761,85045,Virton,Virton
260000.0,6762,85045,Virton,Virton
181000.0,8640,33041,Vleteren,Vleteren
348500.0,2290,13044,Vorselaar,Vorselaar
364500.0,2350,13046,Vosselaar,Vosselaar
133750.0,5550,91143,Vresse-Sur-Semois,Vresse-Sur-Semois
309500.0,9250,42023,Waasmunster,Waasmunster
347500.0,9185,44073,Wachtebeke,Wachtebeke
215000.0,5650,93088,Walcourt,Walcourt
215000.0,5651,93088,Walcourt,Walcourt
303910.0,1457,25124,Walhain,Walhain
238000.0,4520,61072,Wanze,Wanze
339577.5,8790,34040,Waregem,Waregem
339577.5,8791,34040,Waregem,Waregem
339577.5,8792,34040,Waregem,Waregem
339577.5,8793,34040,Waregem,Waregem
507500.0,1410,25110,Waterloo,Waterloo
207500.0,4840,63084,Welkenraedt,Welkenraedt
207500.0,4841,63084,Welkenraedt,Welkenraedt
305000.0,3830,73098,Wellen,Wellen
305000.0,3831,73098,Wellen,Wellen
305000.0,3832,73098,Wellen,Wellen
482500.0,1780,23102,Wemmel,Wemmel
240000.0,8940,33029,Wervik,Wervik
302000.0,2260,13049,Westerlo,Westerlo
269500.0,9230,42025,Wetteren,Wetteren
230000.0,8560,34041,Wevelgem,Wevelgem
625000.0,1970,23103,Wezembeek-Oppem,Wezembeek-Oppem
320000.0,9260,42026,Wichelen,Wichelen
275000.0,8710,37017,Wielsbeke,Wielsbeke
355000.0,2110,11050,Wijnegem,Wijnegem
282500.0,2830,12040,Willebroek,Willebroek
312500.0,8750,37018,Wingene,Wingene
477500.0,2160,11052,Wommelgem,Wommelgem
360000.0,9790,45061,Wortegem-Petegem,Wortegem-Petegem
390000.0,2990,11053,Wuustwezel,Wuustwezel
220000.0,5530,91141,Yvoir,Yvoir
450000.0,2240,11054,Zandhoven,Zandhoven
450000.0,2242,11054,Zandhoven,Zandhoven
450000.0,2243,11054,Zandhoven,Zandhoven
455000.0,1930,23094,Zaventem,Zaventem
455000.0,1932,23094,Zaventem,Zaventem
455000.0,1933,23094,Zaventem,Zaventem
360000.0,8210,31040,Zedelgem,Zedelgem
360000.0,8211,31040,Zedelgem,Zedelgem
330000.0,9240,42028,Zele,Zele
275000.0,9060,43018,Zelzate,Zelzate
383000.0,1804,23096,Zemst,Zemst
383000.0,1980,23096,Zemst,Zemst
383000.0,1981,23096,Zemst,Zemst
383000.0,1982,23096,Zemst,Zemst
517500.0,2980,11055,Zoersel,Zoersel
330000.0,3520,71066,Zonhoven,Zonhoven
267000.0,8980,33037,Zonnebeke,Zonnebeke
297500.0,9620,41081,Zottegem,Zottegem
355000.0,8377,31042,Zuienkerke,Zuienkerke
335500.0,9870,44081,Zulte,Zulte
171500.0,3690,71067,Zutendaal,Zutendaal
315000.0,9630,45065,Zwalm,Zwalin
315000.0,9636,45065,Zwalm,Zwalin
261000.0,8550,34042,Zwevegem,Zwevegem
261000.0,8551,34042,Zwevegem,Zwevegem
261000.0,8552,34042,Zwevegem,Zwevegem
261000.0,8553,34042,Zwevegem,Zwevegem
261000.0,8554,34042,Zwevegem,Zwevegem
315000.0,2070,11056,Zwijndrecht,Zwijndrecht
